,Strike,Length,Width,Depth,Slip,Rake,Dip,Longitude,Latitude,P-Strike,P-Length,P-Width,P-Depth,P-Slip,P-Rake,P-Dip,P-Logitude,P-Latitude,O-Strike,O-Length,O-Width,O-Depth,O-Slip,O-Rake,O-Dip,O-Logitude,O-Latitude,OP-Strike,OP-Length,OP-Width,OP-Depth,OP-Slip,OP-Rake,OP-Dip,OP-Logitude,OP-Latitude,Sample Prior,Sample LLH,Sample Posterior,Proposal Prior,Proposal LLH,Proposal Posterior,Wins,Proposal Accept/Reject,Acceptance ratio
0,279.8677046802609,334054.03182174504,37073.095039492946,32897.407731583895,9.633183800540305,59.597340109800335,20.0,131.53363603238668,-4.681060999578589,279.8677046802609,334054.03182174504,37073.095039492946,32897.407731583895,9.633183800540305,59.597340109800335,20.0,131.53363603238668,-4.681060999578589,279.8677046802609,334054.03182174504,37073.095039492946,32897.407731583895,9.633183800540305,59.597340109800335,20.0,131.53363603238668,-4.681060999578589,279.8677046802609,334054.03182174504,37073.095039492946,32897.407731583895,9.633183800540305,59.597340109800335,20.0,131.53363603238668,-4.681060999578589,-55.27913776235612,-inf,-inf,-55.04105317470851,-inf,-inf,1.0,Accepted,1.0
1,278.16381356356817,331571.09868723765,36741.95623383047,38140.298183705854,9.873959023892288,59.38034450983485,20.0,131.49035746264676,-4.814629728282553,278.16381356356817,331571.09868723765,36741.95623383047,38140.298183705854,9.873959023892288,59.38034450983485,20.0,131.49035746264676,-4.814629728282553,278.16381356356817,331571.09868723765,36741.95623383047,38140.298183705854,9.873959023892288,59.38034450983485,20.0,131.49035746264676,-4.814629728282553,278.16381356356817,331571.09868723765,36741.95623383047,38140.298183705854,9.873959023892288,59.38034450983485,20.0,131.49035746264676,-4.814629728282553,-55.04105317470851,-inf,-inf,-55.495725914802954,-inf,-inf,1.0,Accepted,1.0
2,277.9277041239132,332730.1954303625,37978.7174640076,34186.53915818038,9.871839628899831,58.766288115053186,20.0,131.5292178831367,-4.7204567385182905,277.9277041239132,332730.1954303625,37978.7174640076,34186.53915818038,9.871839628899831,58.766288115053186,20.0,131.5292178831367,-4.7204567385182905,277.9277041239132,332730.1954303625,37978.7174640076,34186.53915818038,9.871839628899831,58.766288115053186,20.0,131.5292178831367,-4.7204567385182905,277.9277041239132,332730.1954303625,37978.7174640076,34186.53915818038,9.871839628899831,58.766288115053186,20.0,131.5292178831367,-4.7204567385182905,-55.495725914802954,-inf,-inf,-55.151637227308164,-inf,-inf,1.0,Accepted,1.0
3,279.7195182391092,332642.02381703974,36989.8004851422,37480.78612992745,10.198333899952315,58.27130348102479,20.0,131.55522876383978,-4.836496232164977,279.7195182391092,332642.02381703974,36989.8004851422,37480.78612992745,10.198333899952315,58.27130348102479,20.0,131.55522876383978,-4.836496232164977,279.7195182391092,332642.02381703974,36989.8004851422,37480.78612992745,10.198333899952315,58.27130348102479,20.0,131.55522876383978,-4.836496232164977,279.7195182391092,332642.02381703974,36989.8004851422,37480.78612992745,10.198333899952315,58.27130348102479,20.0,131.55522876383978,-4.836496232164977,-55.151637227308164,-inf,-inf,-55.507532879793736,-inf,-inf,1.0,Accepted,1.0
4,278.13805060568075,333641.3671046631,38006.463335174165,36280.19316328845,10.29246876333383,58.22703860532481,20.0,131.55846747314624,-4.804366225447479,278.13805060568075,333641.3671046631,38006.463335174165,36280.19316328845,10.29246876333383,58.22703860532481,20.0,131.55846747314624,-4.804366225447479,278.13805060568075,333641.3671046631,38006.463335174165,36280.19316328845,10.29246876333383,58.22703860532481,20.0,131.55846747314624,-4.804366225447479,278.13805060568075,333641.3671046631,38006.463335174165,36280.19316328845,10.29246876333383,58.22703860532481,20.0,131.55846747314624,-4.804366225447479,-55.507532879793736,-inf,-inf,-55.393416300721356,-inf,-inf,1.0,Accepted,1.0
5,281.7990123854084,332191.93430004705,37852.64164806999,37064.609279391196,10.037797763139476,58.11883280766366,20.0,131.6035589319455,-4.971581219923433,281.7990123854084,332191.93430004705,37852.64164806999,37064.609279391196,10.037797763139476,58.11883280766366,20.0,131.6035589319455,-4.971581219923433,281.7990123854084,332191.93430004705,37852.64164806999,37064.609279391196,10.037797763139476,58.11883280766366,20.0,131.6035589319455,-4.971581219923433,281.7990123854084,332191.93430004705,37852.64164806999,37064.609279391196,10.037797763139476,58.11883280766366,20.0,131.6035589319455,-4.971581219923433,-55.393416300721356,-inf,-inf,-55.494700090497226,-inf,-inf,1.0,Accepted,1.0
6,278.72003968673084,334948.06169494597,37806.60944796267,34985.30200682271,9.907698244060752,58.14737645223537,20.0,131.64351431774423,-4.933795018802763,278.72003968673084,334948.06169494597,37806.60944796267,34985.30200682271,9.907698244060752,58.14737645223537,20.0,131.64351431774423,-4.933795018802763,278.72003968673084,334948.06169494597,37806.60944796267,34985.30200682271,9.907698244060752,58.14737645223537,20.0,131.64351431774423,-4.933795018802763,278.72003968673084,334948.06169494597,37806.60944796267,34985.30200682271,9.907698244060752,58.14737645223537,20.0,131.64351431774423,-4.933795018802763,-55.494700090497226,-inf,-inf,-55.30472726066657,-inf,-inf,1.0,Accepted,1.0
7,276.169252635712,332484.4785441601,37556.97197236204,38542.4407037103,9.44843573866084,57.817764344542105,20.0,131.55227151012016,-4.94063448144015,276.169252635712,332484.4785441601,37556.97197236204,38542.4407037103,9.44843573866084,57.817764344542105,20.0,131.55227151012016,-4.94063448144015,276.169252635712,332484.4785441601,37556.97197236204,38542.4407037103,9.44843573866084,57.817764344542105,20.0,131.55227151012016,-4.94063448144015,276.169252635712,332484.4785441601,37556.97197236204,38542.4407037103,9.44843573866084,57.817764344542105,20.0,131.55227151012016,-4.94063448144015,-55.30472726066657,-inf,-inf,-55.609967415626585,-inf,-inf,1.0,Accepted,1.0
8,276.03907826700424,332071.38567244046,36432.05921549204,40606.40406842924,9.561831215875632,58.18759940818875,20.0,131.52661210171684,-5.014348326073891,276.03907826700424,332071.38567244046,36432.05921549204,40606.40406842924,9.561831215875632,58.18759940818875,20.0,131.52661210171684,-5.014348326073891,276.03907826700424,332071.38567244046,36432.05921549204,40606.40406842924,9.561831215875632,58.18759940818875,20.0,131.52661210171684,-5.014348326073891,276.03907826700424,332071.38567244046,36432.05921549204,40606.40406842924,9.561831215875632,58.18759940818875,20.0,131.52661210171684,-5.014348326073891,-55.609967415626585,-inf,-inf,-55.923878290117216,-inf,-inf,1.0,Accepted,1.0
9,276.03907826700424,332071.38567244046,36432.05921549204,40606.40406842924,9.561831215875632,58.18759940818875,20.0,131.52661210171684,-5.014348326073891,280.78738923067743,331002.49424029904,36734.967715005245,38529.759006733584,9.431159707527641,58.31721000113388,20.0,131.55336389950605,-4.942933835236698,276.03907826700424,332071.38567244046,36432.05921549204,40606.40406842924,9.561831215875632,58.18759940818875,20.0,131.52661210171684,-5.014348326073891,280.78738923067743,331002.49424029904,36734.967715005245,38529.759006733584,9.431159707527641,58.31721000113388,20.0,131.55336389950605,-4.942933835236698,-55.923878290117216,-inf,-inf,-55.58082727762124,-inf,-inf,2.0,Rejected,0.9090909090909091
10,279.32903878663666,329733.46675600734,35267.054539693745,36253.67493353127,9.70319073163575,58.32329401667945,20.0,131.62852064481103,-4.977269130919933,279.32903878663666,329733.46675600734,35267.054539693745,36253.67493353127,9.70319073163575,58.32329401667945,20.0,131.62852064481103,-4.977269130919933,279.32903878663666,329733.46675600734,35267.054539693745,36253.67493353127,9.70319073163575,58.32329401667945,20.0,131.62852064481103,-4.977269130919933,279.32903878663666,329733.46675600734,35267.054539693745,36253.67493353127,9.70319073163575,58.32329401667945,20.0,131.62852064481103,-4.977269130919933,-55.923878290117216,-inf,-inf,-55.38836557861603,-inf,-inf,1.0,Accepted,0.9166666666666666
11,279.32903878663666,329733.46675600734,35267.054539693745,36253.67493353127,9.70319073163575,58.32329401667945,20.0,131.62852064481103,-4.977269130919933,282.63677774750334,328306.9094829839,36750.84977744564,31793.328495762304,9.641215493229659,58.208429531338446,20.0,131.69709663727033,-4.786987475182363,279.32903878663666,329733.46675600734,35267.054539693745,36253.67493353127,9.70319073163575,58.32329401667945,20.0,131.62852064481103,-4.977269130919933,282.63677774750334,328306.9094829839,36750.84977744564,31793.328495762304,9.641215493229659,58.208429531338446,20.0,131.69709663727033,-4.786987475182363,-55.38836557861603,-inf,-inf,-55.100629859051026,-inf,-inf,2.0,Rejected,0.8461538461538461
12,279.27449394195673,328070.97477367456,35999.13087097754,36501.97936367587,9.720427712719903,58.14469794488868,20.0,131.60689175419577,-4.943345701212512,279.27449394195673,328070.97477367456,35999.13087097754,36501.97936367587,9.720427712719903,58.14469794488868,20.0,131.60689175419577,-4.943345701212512,279.27449394195673,328070.97477367456,35999.13087097754,36501.97936367587,9.720427712719903,58.14469794488868,20.0,131.60689175419577,-4.943345701212512,279.27449394195673,328070.97477367456,35999.13087097754,36501.97936367587,9.720427712719903,58.14469794488868,20.0,131.60689175419577,-4.943345701212512,-55.38836557861603,-inf,-inf,-55.39986179174558,-inf,-inf,1.0,Accepted,0.8571428571428571
13,283.79379428078084,329615.36323382054,35323.06619937851,38511.23538642464,9.481969009760439,57.83820904171204,20.0,131.56731374597553,-4.978252643457377,283.79379428078084,329615.36323382054,35323.06619937851,38511.23538642464,9.481969009760439,57.83820904171204,20.0,131.56731374597553,-4.978252643457377,283.79379428078084,329615.36323382054,35323.06619937851,38511.23538642464,9.481969009760439,57.83820904171204,20.0,131.56731374597553,-4.978252643457377,283.79379428078084,329615.36323382054,35323.06619937851,38511.23538642464,9.481969009760439,57.83820904171204,20.0,131.56731374597553,-4.978252643457377,-55.39986179174558,-inf,-inf,-55.611477795887225,-inf,-inf,1.0,Accepted,0.8666666666666667
14,282.9693424422109,332044.907704673,37085.94830477193,37489.98467515738,9.633451760296927,57.815227878922464,20.0,131.62316451979692,-5.029887248405325,282.9693424422109,332044.907704673,37085.94830477193,37489.98467515738,9.633451760296927,57.815227878922464,20.0,131.62316451979692,-5.029887248405325,282.9693424422109,332044.907704673,37085.94830477193,37489.98467515738,9.633451760296927,57.815227878922464,20.0,131.62316451979692,-5.029887248405325,282.9693424422109,332044.907704673,37085.94830477193,37489.98467515738,9.633451760296927,57.815227878922464,20.0,131.62316451979692,-5.029887248405325,-55.611477795887225,-inf,-inf,-55.529581844474365,-inf,-inf,1.0,Accepted,0.875
15,282.11932005253004,334604.5269533568,37806.01302045649,39410.46840039236,10.028025012395378,57.78591568494821,20.0,131.6459422735383,-5.134357861622015,282.11932005253004,334604.5269533568,37806.01302045649,39410.46840039236,10.028025012395378,57.78591568494821,20.0,131.6459422735383,-5.134357861622015,282.11932005253004,334604.5269533568,37806.01302045649,39410.46840039236,10.028025012395378,57.78591568494821,20.0,131.6459422735383,-5.134357861622015,282.11932005253004,334604.5269533568,37806.01302045649,39410.46840039236,10.028025012395378,57.78591568494821,20.0,131.6459422735383,-5.134357861622015,-55.529581844474365,-inf,-inf,-55.853343338452085,-inf,-inf,1.0,Accepted,0.8823529411764706
16,282.11932005253004,334604.5269533568,37806.01302045649,39410.46840039236,10.028025012395378,57.78591568494821,20.0,131.6459422735383,-5.134357861622015,282.5658369101214,335849.6742021701,39584.09734695428,37941.27892504882,9.980276743699923,57.79648100454213,20.0,131.65674831019578,-5.0927202665138385,282.11932005253004,334604.5269533568,37806.01302045649,39410.46840039236,10.028025012395378,57.78591568494821,20.0,131.6459422735383,-5.134357861622015,282.5658369101214,335849.6742021701,39584.09734695428,37941.27892504882,9.980276743699923,57.79648100454213,20.0,131.65674831019578,-5.0927202665138385,-55.853343338452085,-inf,-inf,-55.64463702164288,-inf,-inf,2.0,Rejected,0.8333333333333334
17,283.95973754305084,334557.7093446602,39493.463628283745,37309.68232220171,10.365979879669373,57.780173546441155,20.0,131.69131502876778,-5.2260728669681535,283.95973754305084,334557.7093446602,39493.463628283745,37309.68232220171,10.365979879669373,57.780173546441155,20.0,131.69131502876778,-5.2260728669681535,283.95973754305084,334557.7093446602,39493.463628283745,37309.68232220171,10.365979879669373,57.780173546441155,20.0,131.69131502876778,-5.2260728669681535,283.95973754305084,334557.7093446602,39493.463628283745,37309.68232220171,10.365979879669373,57.780173546441155,20.0,131.69131502876778,-5.2260728669681535,-55.853343338452085,-inf,-inf,-55.66586181443628,-inf,-inf,1.0,Accepted,0.8421052631578947
18,282.47407773929035,333761.5209170141,39062.12271107918,35552.52195341057,10.192060582174422,58.14599126891631,20.0,131.75895231059607,-5.349647590820334,282.47407773929035,333761.5209170141,39062.12271107918,35552.52195341057,10.192060582174422,58.14599126891631,20.0,131.75895231059607,-5.349647590820334,282.47407773929035,333761.5209170141,39062.12271107918,35552.52195341057,10.192060582174422,58.14599126891631,20.0,131.75895231059607,-5.349647590820334,282.47407773929035,333761.5209170141,39062.12271107918,35552.52195341057,10.192060582174422,58.14599126891631,20.0,131.75895231059607,-5.349647590820334,-55.66586181443628,-inf,-inf,-55.518755667715986,-inf,-inf,1.0,Accepted,0.85
19,281.7929150732333,331403.78556533257,39452.32502255173,38456.466484539946,9.852111067935121,58.13868714757458,20.0,131.7095382981596,-5.41667029140006,281.7929150732333,331403.78556533257,39452.32502255173,38456.466484539946,9.852111067935121,58.13868714757458,20.0,131.7095382981596,-5.41667029140006,281.7929150732333,331403.78556533257,39452.32502255173,38456.466484539946,9.852111067935121,58.13868714757458,20.0,131.7095382981596,-5.41667029140006,281.7929150732333,331403.78556533257,39452.32502255173,38456.466484539946,9.852111067935121,58.13868714757458,20.0,131.7095382981596,-5.41667029140006,-55.518755667715986,-inf,-inf,-55.81393734197889,-inf,-inf,1.0,Accepted,0.8571428571428571
20,280.29494634175126,332371.1765184283,39938.142646153145,39637.1664752302,9.679944543910763,58.16763558628048,20.0,131.67955269735168,-5.494975091707563,280.29494634175126,332371.1765184283,39938.142646153145,39637.1664752302,9.679944543910763,58.16763558628048,20.0,131.67955269735168,-5.494975091707563,280.29494634175126,332371.1765184283,39938.142646153145,39637.1664752302,9.679944543910763,58.16763558628048,20.0,131.67955269735168,-5.494975091707563,280.29494634175126,332371.1765184283,39938.142646153145,39637.1664752302,9.679944543910763,58.16763558628048,20.0,131.67955269735168,-5.494975091707563,-55.81393734197889,-inf,-inf,-56.00487772248513,-inf,-inf,1.0,Accepted,0.8636363636363636
21,278.4157192713275,335203.6909376331,38915.2208395196,41592.80867928978,10.011026662639495,58.09165579369491,20.0,131.61335948807942,-5.387417410913366,278.4157192713275,335203.6909376331,38915.2208395196,41592.80867928978,10.011026662639495,58.09165579369491,20.0,131.61335948807942,-5.387417410913366,278.4157192713275,335203.6909376331,38915.2208395196,41592.80867928978,10.011026662639495,58.09165579369491,20.0,131.61335948807942,-5.387417410913366,278.4157192713275,335203.6909376331,38915.2208395196,41592.80867928978,10.011026662639495,58.09165579369491,20.0,131.61335948807942,-5.387417410913366,-56.00487772248513,-inf,-inf,-56.31693375958964,-inf,-inf,1.0,Accepted,0.8695652173913043
22,279.65298475985963,335134.07830526185,41027.253151789155,44328.42784118304,10.07585161402172,58.224253686252666,20.0,131.5510066485655,-5.414740794931369,279.65298475985963,335134.07830526185,41027.253151789155,44328.42784118304,10.07585161402172,58.224253686252666,20.0,131.5510066485655,-5.414740794931369,279.65298475985963,335134.07830526185,41027.253151789155,44328.42784118304,10.07585161402172,58.224253686252666,20.0,131.5510066485655,-5.414740794931369,279.65298475985963,335134.07830526185,41027.253151789155,44328.42784118304,10.07585161402172,58.224253686252666,20.0,131.5510066485655,-5.414740794931369,-56.31693375958964,-inf,-inf,-56.9077374251907,-inf,-inf,1.0,Accepted,0.875
23,286.06159201826324,335253.9162492083,39330.165789765386,44378.13680020999,9.63061343724903,58.59614230108512,20.0,131.53957856013852,-5.383152141592279,286.06159201826324,335253.9162492083,39330.165789765386,44378.13680020999,9.63061343724903,58.59614230108512,20.0,131.53957856013852,-5.383152141592279,286.06159201826324,335253.9162492083,39330.165789765386,44378.13680020999,9.63061343724903,58.59614230108512,20.0,131.53957856013852,-5.383152141592279,286.06159201826324,335253.9162492083,39330.165789765386,44378.13680020999,9.63061343724903,58.59614230108512,20.0,131.53957856013852,-5.383152141592279,-56.9077374251907,-inf,-inf,-56.812361915385495,-inf,-inf,1.0,Accepted,0.88
24,284.4942019485064,342511.55017238646,39225.58790372269,43533.65421079009,9.328770133871997,58.38957889762104,20.0,131.58738805907944,-5.465573783208584,284.4942019485064,342511.55017238646,39225.58790372269,43533.65421079009,9.328770133871997,58.38957889762104,20.0,131.58738805907944,-5.465573783208584,284.4942019485064,342511.55017238646,39225.58790372269,43533.65421079009,9.328770133871997,58.38957889762104,20.0,131.58738805907944,-5.465573783208584,284.4942019485064,342511.55017238646,39225.58790372269,43533.65421079009,9.328770133871997,58.38957889762104,20.0,131.58738805907944,-5.465573783208584,-56.812361915385495,-inf,-inf,-56.64907455148037,-inf,-inf,1.0,Accepted,0.8846153846153846
25,287.3728991085976,343782.50047218363,37710.14118561488,39388.47966463829,9.357200514963687,58.41935399072514,20.0,131.68147128655107,-5.508096283080151,287.3728991085976,343782.50047218363,37710.14118561488,39388.47966463829,9.357200514963687,58.41935399072514,20.0,131.68147128655107,-5.508096283080151,287.3728991085976,343782.50047218363,37710.14118561488,39388.47966463829,9.357200514963687,58.41935399072514,20.0,131.68147128655107,-5.508096283080151,287.3728991085976,343782.50047218363,37710.14118561488,39388.47966463829,9.357200514963687,58.41935399072514,20.0,131.68147128655107,-5.508096283080151,-56.64907455148037,-inf,-inf,-55.94691688363935,-inf,-inf,1.0,Accepted,0.8888888888888888
26,287.3728991085976,343782.50047218363,37710.14118561488,39388.47966463829,9.357200514963687,58.41935399072514,20.0,131.68147128655107,-5.508096283080151,288.4915328242756,341090.0909399312,37152.56971214276,39130.267331074276,9.485561616793493,58.52471016140351,20.0,131.70379208736617,-5.468700754391579,287.3728991085976,343782.50047218363,37710.14118561488,39388.47966463829,9.357200514963687,58.41935399072514,20.0,131.68147128655107,-5.508096283080151,288.4915328242756,341090.0909399312,37152.56971214276,39130.267331074276,9.485561616793493,58.52471016140351,20.0,131.70379208736617,-5.468700754391579,-55.94691688363935,-inf,-inf,-55.8873104803474,-inf,-inf,2.0,Rejected,0.8571428571428571
27,288.2645416247494,346380.9083266692,38368.14104374789,37309.75855731464,9.247325233215323,57.969324235592126,20.0,131.71031910768494,-5.34205494626307,288.2645416247494,346380.9083266692,38368.14104374789,37309.75855731464,9.247325233215323,57.969324235592126,20.0,131.71031910768494,-5.34205494626307,288.2645416247494,346380.9083266692,38368.14104374789,37309.75855731464,9.247325233215323,57.969324235592126,20.0,131.71031910768494,-5.34205494626307,288.2645416247494,346380.9083266692,38368.14104374789,37309.75855731464,9.247325233215323,57.969324235592126,20.0,131.71031910768494,-5.34205494626307,-55.94691688363935,-inf,-inf,-55.61621447249267,-inf,-inf,1.0,Accepted,0.8620689655172413
28,290.5185769681526,350203.8939566334,37142.41492792063,40189.36515817758,8.842611243171449,57.8330846239968,20.0,131.63534869703471,-5.339431785805668,290.5185769681526,350203.8939566334,37142.41492792063,40189.36515817758,8.842611243171449,57.8330846239968,20.0,131.63534869703471,-5.339431785805668,290.5185769681526,350203.8939566334,37142.41492792063,40189.36515817758,8.842611243171449,57.8330846239968,20.0,131.63534869703471,-5.339431785805668,290.5185769681526,350203.8939566334,37142.41492792063,40189.36515817758,8.842611243171449,57.8330846239968,20.0,131.63534869703471,-5.339431785805668,-55.61621447249267,-inf,-inf,-55.966852493715976,-inf,-inf,1.0,Accepted,0.8666666666666667
29,290.0358807885748,348815.6500185068,37257.13654992956,36522.934552560364,8.46784741731384,58.00814145618647,20.0,131.7127567130298,-5.175109539310626,290.0358807885748,348815.6500185068,37257.13654992956,36522.934552560364,8.46784741731384,58.00814145618647,20.0,131.7127567130298,-5.175109539310626,290.0358807885748,348815.6500185068,37257.13654992956,36522.934552560364,8.46784741731384,58.00814145618647,20.0,131.7127567130298,-5.175109539310626,290.0358807885748,348815.6500185068,37257.13654992956,36522.934552560364,8.46784741731384,58.00814145618647,20.0,131.7127567130298,-5.175109539310626,-55.966852493715976,-inf,-inf,-55.42745388493165,-inf,-inf,1.0,Accepted,0.8709677419354839
30,287.7316856812905,346357.9029564346,35714.749746949834,35230.11391321286,8.329031160346483,58.10171432293156,20.0,131.7438916332638,-5.1870853862490165,287.7316856812905,346357.9029564346,35714.749746949834,35230.11391321286,8.329031160346483,58.10171432293156,20.0,131.7438916332638,-5.1870853862490165,287.7316856812905,346357.9029564346,35714.749746949834,35230.11391321286,8.329031160346483,58.10171432293156,20.0,131.7438916332638,-5.1870853862490165,287.7316856812905,346357.9029564346,35714.749746949834,35230.11391321286,8.329031160346483,58.10171432293156,20.0,131.7438916332638,-5.1870853862490165,-55.42745388493165,-inf,-inf,-55.33240330662794,-inf,-inf,1.0,Accepted,0.875
31,284.89039693149476,348930.25917175243,34673.13927011205,32964.10108971026,8.544559638447758,58.17555608404197,20.0,131.82202157473662,-5.096793465506758,284.89039693149476,348930.25917175243,34673.13927011205,32964.10108971026,8.544559638447758,58.17555608404197,20.0,131.82202157473662,-5.096793465506758,284.89039693149476,348930.25917175243,34673.13927011205,32964.10108971026,8.544559638447758,58.17555608404197,20.0,131.82202157473662,-5.096793465506758,284.89039693149476,348930.25917175243,34673.13927011205,32964.10108971026,8.544559638447758,58.17555608404197,20.0,131.82202157473662,-5.096793465506758,-55.33240330662794,-inf,-inf,-55.23065256091956,-inf,-inf,1.0,Accepted,0.8787878787878788
32,287.725233557196,349523.099457675,35944.251677136446,29521.41033298755,8.528584491696503,57.78652040579905,20.0,131.9012811572257,-5.128475478816346,287.725233557196,349523.099457675,35944.251677136446,29521.41033298755,8.528584491696503,57.78652040579905,20.0,131.9012811572257,-5.128475478816346,287.725233557196,349523.099457675,35944.251677136446,29521.41033298755,8.528584491696503,57.78652040579905,20.0,131.9012811572257,-5.128475478816346,287.725233557196,349523.099457675,35944.251677136446,29521.41033298755,8.528584491696503,57.78652040579905,20.0,131.9012811572257,-5.128475478816346,-55.23065256091956,-inf,-inf,-55.24085916701278,-inf,-inf,1.0,Accepted,0.8823529411764706
33,291.9236884559835,347152.70163237,36893.94505623197,32343.575241526225,8.726533250130876,57.17939039845066,20.0,131.82915404677073,-5.122266861436023,291.9236884559835,347152.70163237,36893.94505623197,32343.575241526225,8.726533250130876,57.17939039845066,20.0,131.82915404677073,-5.122266861436023,291.9236884559835,347152.70163237,36893.94505623197,32343.575241526225,8.726533250130876,57.17939039845066,20.0,131.82915404677073,-5.122266861436023,291.9236884559835,347152.70163237,36893.94505623197,32343.575241526225,8.726533250130876,57.17939039845066,20.0,131.82915404677073,-5.122266861436023,-55.24085916701278,-inf,-inf,-55.22832033289785,-inf,-inf,1.0,Accepted,0.8857142857142857
34,293.7090132138254,346011.61534170754,36661.868032520935,30767.444796261552,8.54936446091761,56.73103603312591,20.0,131.85353838875062,-5.219334107910413,293.7090132138254,346011.61534170754,36661.868032520935,30767.444796261552,8.54936446091761,56.73103603312591,20.0,131.85353838875062,-5.219334107910413,293.7090132138254,346011.61534170754,36661.868032520935,30767.444796261552,8.54936446091761,56.73103603312591,20.0,131.85353838875062,-5.219334107910413,293.7090132138254,346011.61534170754,36661.868032520935,30767.444796261552,8.54936446091761,56.73103603312591,20.0,131.85353838875062,-5.219334107910413,-55.22832033289785,-inf,-inf,-55.26010914957605,-inf,-inf,1.0,Accepted,0.8888888888888888
35,291.3700000702309,347955.26967046753,35506.628446518225,35669.10655588176,8.946330316924477,57.067480749865766,20.0,131.74758490095175,-5.324680523121711,291.3700000702309,347955.26967046753,35506.628446518225,35669.10655588176,8.946330316924477,57.067480749865766,20.0,131.74758490095175,-5.324680523121711,291.3700000702309,347955.26967046753,35506.628446518225,35669.10655588176,8.946330316924477,57.067480749865766,20.0,131.74758490095175,-5.324680523121711,291.3700000702309,347955.26967046753,35506.628446518225,35669.10655588176,8.946330316924477,57.067480749865766,20.0,131.74758490095175,-5.324680523121711,-55.26010914957605,-inf,-inf,-55.48915336069333,-inf,-inf,1.0,Accepted,0.8918918918918919
36,290.75822345013324,349247.079629577,35096.60517344345,31219.091482972,8.877880299151949,57.12231133603052,20.0,131.85323863086424,-5.292673198080741,290.75822345013324,349247.079629577,35096.60517344345,31219.091482972,8.877880299151949,57.12231133603052,20.0,131.85323863086424,-5.292673198080741,290.75822345013324,349247.079629577,35096.60517344345,31219.091482972,8.877880299151949,57.12231133603052,20.0,131.85323863086424,-5.292673198080741,290.75822345013324,349247.079629577,35096.60517344345,31219.091482972,8.877880299151949,57.12231133603052,20.0,131.85323863086424,-5.292673198080741,-55.48915336069333,-inf,-inf,-55.31459996954625,-inf,-inf,1.0,Accepted,0.8947368421052632
37,288.343371360451,350006.8552535132,34514.25009908872,31722.572671737533,9.094958495592058,56.95850337943743,20.0,131.8589936446326,-5.342197025422403,288.343371360451,350006.8552535132,34514.25009908872,31722.572671737533,9.094958495592058,56.95850337943743,20.0,131.8589936446326,-5.342197025422403,288.343371360451,350006.8552535132,34514.25009908872,31722.572671737533,9.094958495592058,56.95850337943743,20.0,131.8589936446326,-5.342197025422403,288.343371360451,350006.8552535132,34514.25009908872,31722.572671737533,9.094958495592058,56.95850337943743,20.0,131.8589936446326,-5.342197025422403,-55.31459996954625,-inf,-inf,-55.36547195775861,-inf,-inf,1.0,Accepted,0.8974358974358975
38,287.44127335714285,352815.7150614159,34140.434627202616,37566.274564334264,9.058578558161068,56.86410909201107,20.0,131.74791075950995,-5.44072968627288,287.44127335714285,352815.7150614159,34140.434627202616,37566.274564334264,9.058578558161068,56.86410909201107,20.0,131.74791075950995,-5.44072968627288,287.44127335714285,352815.7150614159,34140.434627202616,37566.274564334264,9.058578558161068,56.86410909201107,20.0,131.74791075950995,-5.44072968627288,287.44127335714285,352815.7150614159,34140.434627202616,37566.274564334264,9.058578558161068,56.86410909201107,20.0,131.74791075950995,-5.44072968627288,-55.36547195775861,-inf,-inf,-55.74771941793335,-inf,-inf,1.0,Accepted,0.9
39,287.57036729843156,356809.082671217,32086.108962366376,37639.40479792125,8.996449315280984,56.77460894885162,20.0,131.7522736725433,-5.453984595590776,287.57036729843156,356809.082671217,32086.108962366376,37639.40479792125,8.996449315280984,56.77460894885162,20.0,131.7522736725433,-5.453984595590776,287.57036729843156,356809.082671217,32086.108962366376,37639.40479792125,8.996449315280984,56.77460894885162,20.0,131.7522736725433,-5.453984595590776,287.57036729843156,356809.082671217,32086.108962366376,37639.40479792125,8.996449315280984,56.77460894885162,20.0,131.7522736725433,-5.453984595590776,-55.74771941793335,-inf,-inf,-55.78691376684188,-inf,-inf,1.0,Accepted,0.9024390243902439
40,285.3685692149557,353395.7018584404,31958.415691379385,36074.94009069784,9.137898394295277,57.07675607103465,20.0,131.7891939548926,-5.467363911616683,285.3685692149557,353395.7018584404,31958.415691379385,36074.94009069784,9.137898394295277,57.07675607103465,20.0,131.7891939548926,-5.467363911616683,285.3685692149557,353395.7018584404,31958.415691379385,36074.94009069784,9.137898394295277,57.07675607103465,20.0,131.7891939548926,-5.467363911616683,285.3685692149557,353395.7018584404,31958.415691379385,36074.94009069784,9.137898394295277,57.07675607103465,20.0,131.7891939548926,-5.467363911616683,-55.78691376684188,-inf,-inf,-55.64401458619488,-inf,-inf,1.0,Accepted,0.9047619047619048
41,283.781493758287,355109.55270911317,32206.944867457612,33800.987764747675,9.431072632772159,57.36237688289672,20.0,131.80602242499953,-5.3503096190548955,283.781493758287,355109.55270911317,32206.944867457612,33800.987764747675,9.431072632772159,57.36237688289672,20.0,131.80602242499953,-5.3503096190548955,283.781493758287,355109.55270911317,32206.944867457612,33800.987764747675,9.431072632772159,57.36237688289672,20.0,131.80602242499953,-5.3503096190548955,283.781493758287,355109.55270911317,32206.944867457612,33800.987764747675,9.431072632772159,57.36237688289672,20.0,131.80602242499953,-5.3503096190548955,-55.64401458619488,-inf,-inf,-55.470442363465466,-inf,-inf,1.0,Accepted,0.9069767441860465
42,284.7246029756633,356729.46085808997,33839.1741183026,37382.34997866223,9.068609389975169,57.66700614439083,20.0,131.73510963292344,-5.408268666856847,284.7246029756633,356729.46085808997,33839.1741183026,37382.34997866223,9.068609389975169,57.66700614439083,20.0,131.73510963292344,-5.408268666856847,284.7246029756633,356729.46085808997,33839.1741183026,37382.34997866223,9.068609389975169,57.66700614439083,20.0,131.73510963292344,-5.408268666856847,284.7246029756633,356729.46085808997,33839.1741183026,37382.34997866223,9.068609389975169,57.66700614439083,20.0,131.73510963292344,-5.408268666856847,-55.470442363465466,-inf,-inf,-55.697672555622276,-inf,-inf,1.0,Accepted,0.9090909090909091
43,278.4146090222787,356047.6183958825,32345.78322669074,35825.63934516866,8.78716027881187,57.412246980142605,20.0,131.80430948584632,-5.454002002058612,278.4146090222787,356047.6183958825,32345.78322669074,35825.63934516866,8.78716027881187,57.412246980142605,20.0,131.80430948584632,-5.454002002058612,278.4146090222787,356047.6183958825,32345.78322669074,35825.63934516866,8.78716027881187,57.412246980142605,20.0,131.80430948584632,-5.454002002058612,278.4146090222787,356047.6183958825,32345.78322669074,35825.63934516866,8.78716027881187,57.412246980142605,20.0,131.80430948584632,-5.454002002058612,-55.697672555622276,-inf,-inf,-55.60078059192535,-inf,-inf,1.0,Accepted,0.9111111111111111
44,283.32382980586397,357523.84791840636,32135.02805929379,36180.39606740112,8.492851107410484,57.49961935977037,20.0,131.76368372017112,-5.398696235561097,283.32382980586397,357523.84791840636,32135.02805929379,36180.39606740112,8.492851107410484,57.49961935977037,20.0,131.76368372017112,-5.398696235561097,283.32382980586397,357523.84791840636,32135.02805929379,36180.39606740112,8.492851107410484,57.49961935977037,20.0,131.76368372017112,-5.398696235561097,283.32382980586397,357523.84791840636,32135.02805929379,36180.39606740112,8.492851107410484,57.49961935977037,20.0,131.76368372017112,-5.398696235561097,-55.60078059192535,-inf,-inf,-55.58385859350784,-inf,-inf,1.0,Accepted,0.9130434782608695
45,283.5236954195948,357494.3093338745,32878.335807393116,36708.26347753883,8.34440418212142,57.69986563262253,20.0,131.7175121091928,-5.311968708963308,283.5236954195948,357494.3093338745,32878.335807393116,36708.26347753883,8.34440418212142,57.69986563262253,20.0,131.7175121091928,-5.311968708963308,283.5236954195948,357494.3093338745,32878.335807393116,36708.26347753883,8.34440418212142,57.69986563262253,20.0,131.7175121091928,-5.311968708963308,283.5236954195948,357494.3093338745,32878.335807393116,36708.26347753883,8.34440418212142,57.69986563262253,20.0,131.7175121091928,-5.311968708963308,-55.58385859350784,-inf,-inf,-55.56789696840069,-inf,-inf,1.0,Accepted,0.9148936170212766
46,285.25749299560385,353415.50333352824,31512.424392239194,40656.23253384116,8.731104266988366,57.70093113076686,20.0,131.64008706709765,-5.393209685095676,285.25749299560385,353415.50333352824,31512.424392239194,40656.23253384116,8.731104266988366,57.70093113076686,20.0,131.64008706709765,-5.393209685095676,285.25749299560385,353415.50333352824,31512.424392239194,40656.23253384116,8.731104266988366,57.70093113076686,20.0,131.64008706709765,-5.393209685095676,285.25749299560385,353415.50333352824,31512.424392239194,40656.23253384116,8.731104266988366,57.70093113076686,20.0,131.64008706709765,-5.393209685095676,-55.56789696840069,-inf,-inf,-56.08876916458851,-inf,-inf,1.0,Accepted,0.9166666666666666
47,285.25749299560385,353415.50333352824,31512.424392239194,40656.23253384116,8.731104266988366,57.70093113076686,20.0,131.64008706709765,-5.393209685095676,289.0627148662179,356565.7446427675,32251.8821913875,35187.80454287434,8.824712962484496,57.628983776127704,20.0,131.74398819404504,-5.226371751037696,285.25749299560385,353415.50333352824,31512.424392239194,40656.23253384116,8.731104266988366,57.70093113076686,20.0,131.64008706709765,-5.393209685095676,289.0627148662179,356565.7446427675,32251.8821913875,35187.80454287434,8.824712962484496,57.628983776127704,20.0,131.74398819404504,-5.226371751037696,-56.08876916458851,-inf,-inf,-55.440100441297645,-inf,-inf,2.0,Rejected,0.8979591836734694
48,288.1085591173565,356978.43966570427,29348.102073601658,38273.6193393991,8.722286471407893,57.94819327708538,20.0,131.7199987549709,-5.427148399932901,288.1085591173565,356978.43966570427,29348.102073601658,38273.6193393991,8.722286471407893,57.94819327708538,20.0,131.7199987549709,-5.427148399932901,288.1085591173565,356978.43966570427,29348.102073601658,38273.6193393991,8.722286471407893,57.94819327708538,20.0,131.7199987549709,-5.427148399932901,288.1085591173565,356978.43966570427,29348.102073601658,38273.6193393991,8.722286471407893,57.94819327708538,20.0,131.7199987549709,-5.427148399932901,-56.08876916458851,-inf,-inf,-55.806085945920756,-inf,-inf,1.0,Accepted,0.9
49,291.07842774315344,356805.4084494895,28843.127730959917,39767.997143000044,8.388088871849153,58.11766472755785,20.0,131.6778095048677,-5.425783942720227,291.07842774315344,356805.4084494895,28843.127730959917,39767.997143000044,8.388088871849153,58.11766472755785,20.0,131.6778095048677,-5.425783942720227,291.07842774315344,356805.4084494895,28843.127730959917,39767.997143000044,8.388088871849153,58.11766472755785,20.0,131.6778095048677,-5.425783942720227,291.07842774315344,356805.4084494895,28843.127730959917,39767.997143000044,8.388088871849153,58.11766472755785,20.0,131.6778095048677,-5.425783942720227,-55.806085945920756,-inf,-inf,-55.96900463244023,-inf,-inf,1.0,Accepted,0.9019607843137255
50,290.0587263332756,356311.98849875404,29107.093530725764,40149.24560988713,8.436040266455786,58.17865718899317,20.0,131.66586131887985,-5.422562338805531,290.0587263332756,356311.98849875404,29107.093530725764,40149.24560988713,8.436040266455786,58.17865718899317,20.0,131.66586131887985,-5.422562338805531,290.0587263332756,356311.98849875404,29107.093530725764,40149.24560988713,8.436040266455786,58.17865718899317,20.0,131.66586131887985,-5.422562338805531,290.0587263332756,356311.98849875404,29107.093530725764,40149.24560988713,8.436040266455786,58.17865718899317,20.0,131.66586131887985,-5.422562338805531,-55.96900463244023,-inf,-inf,-56.01585662877464,-inf,-inf,1.0,Accepted,0.9038461538461539
51,293.65000813664517,354891.7053831247,29208.373517508277,36108.113564628125,8.636665606187664,58.55777658545472,20.0,131.74012897120917,-5.61731847665572,293.65000813664517,354891.7053831247,29208.373517508277,36108.113564628125,8.636665606187664,58.55777658545472,20.0,131.74012897120917,-5.61731847665572,293.65000813664517,354891.7053831247,29208.373517508277,36108.113564628125,8.636665606187664,58.55777658545472,20.0,131.74012897120917,-5.61731847665572,293.65000813664517,354891.7053831247,29208.373517508277,36108.113564628125,8.636665606187664,58.55777658545472,20.0,131.74012897120917,-5.61731847665572,-56.01585662877464,-inf,-inf,-55.699437387174974,-inf,-inf,1.0,Accepted,0.9056603773584906
52,291.7530569706701,355438.95987954515,29532.37149738701,39052.77518221407,8.427301380693226,58.398667514496104,20.0,131.6906292891924,-5.507071060019744,291.7530569706701,355438.95987954515,29532.37149738701,39052.77518221407,8.427301380693226,58.398667514496104,20.0,131.6906292891924,-5.507071060019744,291.7530569706701,355438.95987954515,29532.37149738701,39052.77518221407,8.427301380693226,58.398667514496104,20.0,131.6906292891924,-5.507071060019744,291.7530569706701,355438.95987954515,29532.37149738701,39052.77518221407,8.427301380693226,58.398667514496104,20.0,131.6906292891924,-5.507071060019744,-55.699437387174974,-inf,-inf,-55.90680278869516,-inf,-inf,1.0,Accepted,0.9074074074074074
53,294.5808556966209,357990.18685784575,28977.509966738224,39007.59163901543,8.494447861531619,58.44853024766884,20.0,131.70626809592028,-5.470618141854827,294.5808556966209,357990.18685784575,28977.509966738224,39007.59163901543,8.494447861531619,58.44853024766884,20.0,131.70626809592028,-5.470618141854827,294.5808556966209,357990.18685784575,28977.509966738224,39007.59163901543,8.494447861531619,58.44853024766884,20.0,131.70626809592028,-5.470618141854827,294.5808556966209,357990.18685784575,28977.509966738224,39007.59163901543,8.494447861531619,58.44853024766884,20.0,131.70626809592028,-5.470618141854827,-55.90680278869516,-inf,-inf,-55.89180488599653,-inf,-inf,1.0,Accepted,0.9090909090909091
54,294.3811821844543,354171.6781494728,29135.087236651096,37763.740606644,8.786526973227208,58.34393127547661,20.0,131.6933798459022,-5.32346095521801,294.3811821844543,354171.6781494728,29135.087236651096,37763.740606644,8.786526973227208,58.34393127547661,20.0,131.6933798459022,-5.32346095521801,294.3811821844543,354171.6781494728,29135.087236651096,37763.740606644,8.786526973227208,58.34393127547661,20.0,131.6933798459022,-5.32346095521801,294.3811821844543,354171.6781494728,29135.087236651096,37763.740606644,8.786526973227208,58.34393127547661,20.0,131.6933798459022,-5.32346095521801,-55.89180488599653,-inf,-inf,-55.686355348535756,-inf,-inf,1.0,Accepted,0.9107142857142857
55,293.54648735712203,354854.0274594941,28510.282210561047,38567.24824489406,8.719373739875387,58.008829227405,20.0,131.66354279944676,-5.158997512240038,293.54648735712203,354854.0274594941,28510.282210561047,38567.24824489406,8.719373739875387,58.008829227405,20.0,131.66354279944676,-5.158997512240038,293.54648735712203,354854.0274594941,28510.282210561047,38567.24824489406,8.719373739875387,58.008829227405,20.0,131.66354279944676,-5.158997512240038,293.54648735712203,354854.0274594941,28510.282210561047,38567.24824489406,8.719373739875387,58.008829227405,20.0,131.66354279944676,-5.158997512240038,-55.686355348535756,-inf,-inf,-55.715648484683356,-inf,-inf,1.0,Accepted,0.9122807017543859
56,292.83657044159094,356209.983150794,28905.30551826928,37333.293771386314,8.313868327680217,57.94717618711718,20.0,131.63469906474958,-5.040277933403885,292.83657044159094,356209.983150794,28905.30551826928,37333.293771386314,8.313868327680217,57.94717618711718,20.0,131.63469906474958,-5.040277933403885,292.83657044159094,356209.983150794,28905.30551826928,37333.293771386314,8.313868327680217,57.94717618711718,20.0,131.63469906474958,-5.040277933403885,292.83657044159094,356209.983150794,28905.30551826928,37333.293771386314,8.313868327680217,57.94717618711718,20.0,131.63469906474958,-5.040277933403885,-55.715648484683356,-inf,-inf,-55.53263706435204,-inf,-inf,1.0,Accepted,0.9137931034482759
57,293.318021032804,355320.03210597864,28045.80076516999,36927.45593829804,8.128372018066823,57.923652583432286,20.0,131.67113155087534,-5.071050021576583,293.318021032804,355320.03210597864,28045.80076516999,36927.45593829804,8.128372018066823,57.923652583432286,20.0,131.67113155087534,-5.071050021576583,293.318021032804,355320.03210597864,28045.80076516999,36927.45593829804,8.128372018066823,57.923652583432286,20.0,131.67113155087534,-5.071050021576583,293.318021032804,355320.03210597864,28045.80076516999,36927.45593829804,8.128372018066823,57.923652583432286,20.0,131.67113155087534,-5.071050021576583,-55.53263706435204,-inf,-inf,-55.510945415851324,-inf,-inf,1.0,Accepted,0.9152542372881356
58,293.318021032804,355320.03210597864,28045.80076516999,36927.45593829804,8.128372018066823,57.923652583432286,20.0,131.67113155087534,-5.071050021576583,293.73760439543435,353890.26010491967,27869.292312601894,33654.353884743265,8.222522823129088,58.26023659105934,20.0,131.80084807132903,-5.104488945404645,293.318021032804,355320.03210597864,28045.80076516999,36927.45593829804,8.128372018066823,57.923652583432286,20.0,131.67113155087534,-5.071050021576583,293.73760439543435,353890.26010491967,27869.292312601894,33654.353884743265,8.222522823129088,58.26023659105934,20.0,131.80084807132903,-5.104488945404645,-55.510945415851324,-inf,-inf,-55.33083544670383,-inf,-inf,2.0,Rejected,0.9
59,297.2401024826325,353606.3880726334,27544.5274223776,39831.497215700176,8.488926788073405,57.74197058427572,20.0,131.59917921209018,-5.096593768945885,297.2401024826325,353606.3880726334,27544.5274223776,39831.497215700176,8.488926788073405,57.74197058427572,20.0,131.59917921209018,-5.096593768945885,297.2401024826325,353606.3880726334,27544.5274223776,39831.497215700176,8.488926788073405,57.74197058427572,20.0,131.59917921209018,-5.096593768945885,297.2401024826325,353606.3880726334,27544.5274223776,39831.497215700176,8.488926788073405,57.74197058427572,20.0,131.59917921209018,-5.096593768945885,-55.510945415851324,-inf,-inf,-55.85571353044335,-inf,-inf,1.0,Accepted,0.9016393442622951
60,299.6174411532232,353391.3760041878,27911.120980245672,36511.38329258627,8.637244737204963,57.9765262966841,20.0,131.68435996925083,-5.070476857235116,299.6174411532232,353391.3760041878,27911.120980245672,36511.38329258627,8.637244737204963,57.9765262966841,20.0,131.68435996925083,-5.070476857235116,299.6174411532232,353391.3760041878,27911.120980245672,36511.38329258627,8.637244737204963,57.9765262966841,20.0,131.68435996925083,-5.070476857235116,299.6174411532232,353391.3760041878,27911.120980245672,36511.38329258627,8.637244737204963,57.9765262966841,20.0,131.68435996925083,-5.070476857235116,-55.85571353044335,-inf,-inf,-55.48755451097587,-inf,-inf,1.0,Accepted,0.9032258064516129
61,298.21206201270644,356346.5337239945,28294.301366702053,39078.79307544047,8.754193933272251,57.89766344465539,20.0,131.64921598213687,-5.125961579275002,298.21206201270644,356346.5337239945,28294.301366702053,39078.79307544047,8.754193933272251,57.89766344465539,20.0,131.64921598213687,-5.125961579275002,298.21206201270644,356346.5337239945,28294.301366702053,39078.79307544047,8.754193933272251,57.89766344465539,20.0,131.64921598213687,-5.125961579275002,298.21206201270644,356346.5337239945,28294.301366702053,39078.79307544047,8.754193933272251,57.89766344465539,20.0,131.64921598213687,-5.125961579275002,-55.48755451097587,-inf,-inf,-55.775022382472535,-inf,-inf,1.0,Accepted,0.9047619047619048
62,298.21206201270644,356346.5337239945,28294.301366702053,39078.79307544047,8.754193933272251,57.89766344465539,20.0,131.64921598213687,-5.125961579275002,296.00870482026346,353917.1494517356,28959.559154369374,33671.57887864075,8.609544551103093,57.68803104218737,20.0,131.69163932189002,-4.9599018237165895,298.21206201270644,356346.5337239945,28294.301366702053,39078.79307544047,8.754193933272251,57.89766344465539,20.0,131.64921598213687,-5.125961579275002,296.00870482026346,353917.1494517356,28959.559154369374,33671.57887864075,8.609544551103093,57.68803104218737,20.0,131.69163932189002,-4.9599018237165895,-55.775022382472535,-inf,-inf,-55.29705409759002,-inf,-inf,2.0,Rejected,0.890625
63,298.21206201270644,356346.5337239945,28294.301366702053,39078.79307544047,8.754193933272251,57.89766344465539,20.0,131.64921598213687,-5.125961579275002,296.76005792423723,361417.2551074647,26927.72431708028,36006.35881124097,8.564161824553823,57.9567000118982,20.0,131.65619867245218,-5.013294313788712,298.21206201270644,356346.5337239945,28294.301366702053,39078.79307544047,8.754193933272251,57.89766344465539,20.0,131.64921598213687,-5.125961579275002,296.76005792423723,361417.2551074647,26927.72431708028,36006.35881124097,8.564161824553823,57.9567000118982,20.0,131.65619867245218,-5.013294313788712,-55.775022382472535,-inf,-inf,-55.47080643815217,-inf,-inf,3.0,Rejected,0.8923076923076924
64,298.21206201270644,356346.5337239945,28294.301366702053,39078.79307544047,8.754193933272251,57.89766344465539,20.0,131.64921598213687,-5.125961579275002,296.66767868922665,354774.2636640852,29829.704908339027,37519.35323055467,8.8885092437634,57.842088346606445,20.0,131.6187301554646,-5.024170874713565,298.21206201270644,356346.5337239945,28294.301366702053,39078.79307544047,8.754193933272251,57.89766344465539,20.0,131.64921598213687,-5.125961579275002,296.66767868922665,354774.2636640852,29829.704908339027,37519.35323055467,8.8885092437634,57.842088346606445,20.0,131.6187301554646,-5.024170874713565,-55.775022382472535,-inf,-inf,-55.5600438865064,-inf,-inf,4.0,Rejected,0.8939393939393939
65,300.59130339555344,356939.9740797471,27658.20333163009,38476.738435073494,8.535401206586382,57.8214801923163,20.0,131.6699391360398,-5.132517264796276,300.59130339555344,356939.9740797471,27658.20333163009,38476.738435073494,8.535401206586382,57.8214801923163,20.0,131.6699391360398,-5.132517264796276,300.59130339555344,356939.9740797471,27658.20333163009,38476.738435073494,8.535401206586382,57.8214801923163,20.0,131.6699391360398,-5.132517264796276,300.59130339555344,356939.9740797471,27658.20333163009,38476.738435073494,8.535401206586382,57.8214801923163,20.0,131.6699391360398,-5.132517264796276,-55.775022382472535,-inf,-inf,-55.709078747394365,-inf,-inf,1.0,Accepted,0.8955223880597015
66,303.87187638771815,356400.855350115,26103.111019727156,38297.47072269452,8.214256573973564,57.84305615970568,20.0,131.6580869070885,-5.107241469597686,303.87187638771815,356400.855350115,26103.111019727156,38297.47072269452,8.214256573973564,57.84305615970568,20.0,131.6580869070885,-5.107241469597686,303.87187638771815,356400.855350115,26103.111019727156,38297.47072269452,8.214256573973564,57.84305615970568,20.0,131.6580869070885,-5.107241469597686,303.87187638771815,356400.855350115,26103.111019727156,38297.47072269452,8.214256573973564,57.84305615970568,20.0,131.6580869070885,-5.107241469597686,-55.709078747394365,-inf,-inf,-55.689781035940975,-inf,-inf,1.0,Accepted,0.8970588235294118
67,302.6212511134078,354001.52352819743,24796.1106907307,40254.441129306695,8.48005672409235,57.45262702025424,20.0,131.56138078897683,-5.060287774181465,302.6212511134078,354001.52352819743,24796.1106907307,40254.441129306695,8.48005672409235,57.45262702025424,20.0,131.56138078897683,-5.060287774181465,302.6212511134078,354001.52352819743,24796.1106907307,40254.441129306695,8.48005672409235,57.45262702025424,20.0,131.56138078897683,-5.060287774181465,302.6212511134078,354001.52352819743,24796.1106907307,40254.441129306695,8.48005672409235,57.45262702025424,20.0,131.56138078897683,-5.060287774181465,-55.689781035940975,-inf,-inf,-55.955471210235146,-inf,-inf,1.0,Accepted,0.8985507246376812
68,301.55534249455656,357882.41044119233,23609.66221187194,41325.35143966765,8.605350520571605,57.20905837446901,20.0,131.49683207542898,-4.990243385189938,301.55534249455656,357882.41044119233,23609.66221187194,41325.35143966765,8.605350520571605,57.20905837446901,20.0,131.49683207542898,-4.990243385189938,301.55534249455656,357882.41044119233,23609.66221187194,41325.35143966765,8.605350520571605,57.20905837446901,20.0,131.49683207542898,-4.990243385189938,301.55534249455656,357882.41044119233,23609.66221187194,41325.35143966765,8.605350520571605,57.20905837446901,20.0,131.49683207542898,-4.990243385189938,-55.955471210235146,-inf,-inf,-56.13639347759566,-inf,-inf,1.0,Accepted,0.9
69,305.67432793700374,358431.18477113644,23076.614014926094,39195.26427675199,8.416814947435109,57.274321311493765,20.0,131.53814016334047,-4.949427915839713,305.67432793700374,358431.18477113644,23076.614014926094,39195.26427675199,8.416814947435109,57.274321311493765,20.0,131.53814016334047,-4.949427915839713,305.67432793700374,358431.18477113644,23076.614014926094,39195.26427675199,8.416814947435109,57.274321311493765,20.0,131.53814016334047,-4.949427915839713,305.67432793700374,358431.18477113644,23076.614014926094,39195.26427675199,8.416814947435109,57.274321311493765,20.0,131.53814016334047,-4.949427915839713,-56.13639347759566,-inf,-inf,-55.83068789140113,-inf,-inf,1.0,Accepted,0.9014084507042254
70,300.5367918569597,356516.10271939944,23218.010261015675,38994.58076876079,8.272665195138796,57.062864962353935,20.0,131.53999607074658,-4.939079867133062,300.5367918569597,356516.10271939944,23218.010261015675,38994.58076876079,8.272665195138796,57.062864962353935,20.0,131.53999607074658,-4.939079867133062,300.5367918569597,356516.10271939944,23218.010261015675,38994.58076876079,8.272665195138796,57.062864962353935,20.0,131.53999607074658,-4.939079867133062,300.5367918569597,356516.10271939944,23218.010261015675,38994.58076876079,8.272665195138796,57.062864962353935,20.0,131.53999607074658,-4.939079867133062,-55.83068789140113,-inf,-inf,-55.79217407423357,-inf,-inf,1.0,Accepted,0.9027777777777778
71,300.5367918569597,356516.10271939944,23218.010261015675,38994.58076876079,8.272665195138796,57.062864962353935,20.0,131.53999607074658,-4.939079867133062,305.59507846968967,356990.5057711417,25333.25203247719,37960.99174594057,8.504024589531328,56.991390253341464,20.0,131.54662569876618,-4.846925234296587,300.5367918569597,356516.10271939944,23218.010261015675,38994.58076876079,8.272665195138796,57.062864962353935,20.0,131.53999607074658,-4.939079867133062,305.59507846968967,356990.5057711417,25333.25203247719,37960.99174594057,8.504024589531328,56.991390253341464,20.0,131.54662569876618,-4.846925234296587,-55.79217407423357,-inf,-inf,-55.63411477191788,-inf,-inf,2.0,Rejected,0.8904109589041096
72,298.6951496695995,358494.93342162983,20425.965476722813,42316.49129166148,8.368657919618848,57.066643923490254,20.0,131.49330980583917,-5.042843300310839,298.6951496695995,358494.93342162983,20425.965476722813,42316.49129166148,8.368657919618848,57.066643923490254,20.0,131.49330980583917,-5.042843300310839,298.6951496695995,358494.93342162983,20425.965476722813,42316.49129166148,8.368657919618848,57.066643923490254,20.0,131.49330980583917,-5.042843300310839,298.6951496695995,358494.93342162983,20425.965476722813,42316.49129166148,8.368657919618848,57.066643923490254,20.0,131.49330980583917,-5.042843300310839,-55.79217407423357,-inf,-inf,-56.35913512039109,-inf,-inf,1.0,Accepted,0.8918918918918919
73,298.34656041779084,360296.3658342156,22389.99317908624,39765.447787785655,8.472363471774568,56.31651615474482,20.0,131.56614490531246,-5.0447023606975545,298.34656041779084,360296.3658342156,22389.99317908624,39765.447787785655,8.472363471774568,56.31651615474482,20.0,131.56614490531246,-5.0447023606975545,298.34656041779084,360296.3658342156,22389.99317908624,39765.447787785655,8.472363471774568,56.31651615474482,20.0,131.56614490531246,-5.0447023606975545,298.34656041779084,360296.3658342156,22389.99317908624,39765.447787785655,8.472363471774568,56.31651615474482,20.0,131.56614490531246,-5.0447023606975545,-56.35913512039109,-inf,-inf,-55.98878690268286,-inf,-inf,1.0,Accepted,0.8933333333333333
74,297.8059523827243,364794.49904154177,23169.43143877848,44655.66737533678,8.318818218239679,56.33217565134121,20.0,131.48347249158138,-5.14052160122232,297.8059523827243,364794.49904154177,23169.43143877848,44655.66737533678,8.318818218239679,56.33217565134121,20.0,131.48347249158138,-5.14052160122232,297.8059523827243,364794.49904154177,23169.43143877848,44655.66737533678,8.318818218239679,56.33217565134121,20.0,131.48347249158138,-5.14052160122232,297.8059523827243,364794.49904154177,23169.43143877848,44655.66737533678,8.318818218239679,56.33217565134121,20.0,131.48347249158138,-5.14052160122232,-55.98878690268286,-inf,-inf,-56.84821542186944,-inf,-inf,1.0,Accepted,0.8947368421052632
75,296.99416634761434,363541.04342025117,24005.919217149305,45513.84813678764,8.559561407930428,56.18927139171521,20.0,131.4421755775599,-5.1149039744084615,296.99416634761434,363541.04342025117,24005.919217149305,45513.84813678764,8.559561407930428,56.18927139171521,20.0,131.4421755775599,-5.1149039744084615,296.99416634761434,363541.04342025117,24005.919217149305,45513.84813678764,8.559561407930428,56.18927139171521,20.0,131.4421755775599,-5.1149039744084615,296.99416634761434,363541.04342025117,24005.919217149305,45513.84813678764,8.559561407930428,56.18927139171521,20.0,131.4421755775599,-5.1149039744084615,-56.84821542186944,-inf,-inf,-57.040531841799655,-inf,-inf,1.0,Accepted,0.8961038961038961
76,298.7082440465499,361309.6885798748,24319.12330774515,45030.292934865894,9.044057480540522,55.59540195798442,20.0,131.4922558241976,-5.168740570252551,298.7082440465499,361309.6885798748,24319.12330774515,45030.292934865894,9.044057480540522,55.59540195798442,20.0,131.4922558241976,-5.168740570252551,298.7082440465499,361309.6885798748,24319.12330774515,45030.292934865894,9.044057480540522,55.59540195798442,20.0,131.4922558241976,-5.168740570252551,298.7082440465499,361309.6885798748,24319.12330774515,45030.292934865894,9.044057480540522,55.59540195798442,20.0,131.4922558241976,-5.168740570252551,-57.040531841799655,-inf,-inf,-57.01395624877889,-inf,-inf,1.0,Accepted,0.8974358974358975
77,294.1484230292624,359437.20059470483,24559.855109476608,42856.35307211263,9.18806017908382,55.5675712028653,20.0,131.55786597510033,-5.285319427671882,294.1484230292624,359437.20059470483,24559.855109476608,42856.35307211263,9.18806017908382,55.5675712028653,20.0,131.55786597510033,-5.285319427671882,294.1484230292624,359437.20059470483,24559.855109476608,42856.35307211263,9.18806017908382,55.5675712028653,20.0,131.55786597510033,-5.285319427671882,294.1484230292624,359437.20059470483,24559.855109476608,42856.35307211263,9.18806017908382,55.5675712028653,20.0,131.55786597510033,-5.285319427671882,-57.01395624877889,-inf,-inf,-56.62661213486838,-inf,-inf,1.0,Accepted,0.8987341772151899
78,293.6846243749594,357036.80960153555,25541.006139678037,40978.6289796027,9.155590168688002,55.40229003233674,20.0,131.60080288408827,-5.241656948544043,293.6846243749594,357036.80960153555,25541.006139678037,40978.6289796027,9.155590168688002,55.40229003233674,20.0,131.60080288408827,-5.241656948544043,293.6846243749594,357036.80960153555,25541.006139678037,40978.6289796027,9.155590168688002,55.40229003233674,20.0,131.60080288408827,-5.241656948544043,293.6846243749594,357036.80960153555,25541.006139678037,40978.6289796027,9.155590168688002,55.40229003233674,20.0,131.60080288408827,-5.241656948544043,-56.62661213486838,-inf,-inf,-56.26605809924746,-inf,-inf,1.0,Accepted,0.9
79,297.6221419602521,357722.19583461515,25104.24861537338,36712.54165061575,8.996238573481115,55.09760611937773,20.0,131.70983434677294,-5.271800401598928,297.6221419602521,357722.19583461515,25104.24861537338,36712.54165061575,8.996238573481115,55.09760611937773,20.0,131.70983434677294,-5.271800401598928,297.6221419602521,357722.19583461515,25104.24861537338,36712.54165061575,8.996238573481115,55.09760611937773,20.0,131.70983434677294,-5.271800401598928,297.6221419602521,357722.19583461515,25104.24861537338,36712.54165061575,8.996238573481115,55.09760611937773,20.0,131.70983434677294,-5.271800401598928,-56.26605809924746,-inf,-inf,-55.78818608973968,-inf,-inf,1.0,Accepted,0.9012345679012346
80,295.6454124534779,353519.1379779368,25089.57231628932,36401.23635196124,8.672409469883094,54.679157380817536,20.0,131.77224643357735,-5.425161539802279,295.6454124534779,353519.1379779368,25089.57231628932,36401.23635196124,8.672409469883094,54.679157380817536,20.0,131.77224643357735,-5.425161539802279,295.6454124534779,353519.1379779368,25089.57231628932,36401.23635196124,8.672409469883094,54.679157380817536,20.0,131.77224643357735,-5.425161539802279,295.6454124534779,353519.1379779368,25089.57231628932,36401.23635196124,8.672409469883094,54.679157380817536,20.0,131.77224643357735,-5.425161539802279,-55.78818608973968,-inf,-inf,-55.82427069879532,-inf,-inf,1.0,Accepted,0.9024390243902439
81,297.07049376528727,351585.87473129545,23894.26224696067,29701.347508222512,8.929491905445293,54.80031052479723,20.0,131.95883377300538,-5.393159766970712,297.07049376528727,351585.87473129545,23894.26224696067,29701.347508222512,8.929491905445293,54.80031052479723,20.0,131.95883377300538,-5.393159766970712,297.07049376528727,351585.87473129545,23894.26224696067,29701.347508222512,8.929491905445293,54.80031052479723,20.0,131.95883377300538,-5.393159766970712,297.07049376528727,351585.87473129545,23894.26224696067,29701.347508222512,8.929491905445293,54.80031052479723,20.0,131.95883377300538,-5.393159766970712,-55.82427069879532,-inf,-inf,-55.708638505820346,-inf,-inf,1.0,Accepted,0.9036144578313253
82,298.6049616912168,354254.2536155065,24484.046953954443,28796.328413987198,8.635540025832666,54.755690008910776,20.0,132.06745929456616,-5.426487280445652,298.6049616912168,354254.2536155065,24484.046953954443,28796.328413987198,8.635540025832666,54.755690008910776,20.0,132.06745929456616,-5.426487280445652,298.6049616912168,354254.2536155065,24484.046953954443,28796.328413987198,8.635540025832666,54.755690008910776,20.0,132.06745929456616,-5.426487280445652,298.6049616912168,354254.2536155065,24484.046953954443,28796.328413987198,8.635540025832666,54.755690008910776,20.0,132.06745929456616,-5.426487280445652,-55.708638505820346,-inf,-inf,-55.7574637606374,-inf,-inf,1.0,Accepted,0.9047619047619048
83,300.05702548984954,352294.33888901497,23743.525921194327,29730.410575790724,8.101477233798796,54.83438774322543,20.0,132.02738530703022,-5.447025754987503,300.05702548984954,352294.33888901497,23743.525921194327,29730.410575790724,8.101477233798796,54.83438774322543,20.0,132.02738530703022,-5.447025754987503,300.05702548984954,352294.33888901497,23743.525921194327,29730.410575790724,8.101477233798796,54.83438774322543,20.0,132.02738530703022,-5.447025754987503,300.05702548984954,352294.33888901497,23743.525921194327,29730.410575790724,8.101477233798796,54.83438774322543,20.0,132.02738530703022,-5.447025754987503,-55.7574637606374,-inf,-inf,-55.72869165548738,-inf,-inf,1.0,Accepted,0.9058823529411765
84,301.4305029217609,354943.4161746539,23140.494269739862,29104.004657827394,7.480133435947869,54.64538665456121,20.0,132.02059319705626,-5.417371636378763,301.4305029217609,354943.4161746539,23140.494269739862,29104.004657827394,7.480133435947869,54.64538665456121,20.0,132.02059319705626,-5.417371636378763,301.4305029217609,354943.4161746539,23140.494269739862,29104.004657827394,7.480133435947869,54.64538665456121,20.0,132.02059319705626,-5.417371636378763,301.4305029217609,354943.4161746539,23140.494269739862,29104.004657827394,7.480133435947869,54.64538665456121,20.0,132.02059319705626,-5.417371636378763,-55.72869165548738,-inf,-inf,-55.78567856592419,-inf,-inf,1.0,Accepted,0.9069767441860465
85,299.2499016323494,356409.5458832477,23820.243850806302,26624.55939421775,7.008452862980041,54.59131573521278,20.0,131.9986425139931,-5.325368116120806,299.2499016323494,356409.5458832477,23820.243850806302,26624.55939421775,7.008452862980041,54.59131573521278,20.0,131.9986425139931,-5.325368116120806,299.2499016323494,356409.5458832477,23820.243850806302,26624.55939421775,7.008452862980041,54.59131573521278,20.0,131.9986425139931,-5.325368116120806,299.2499016323494,356409.5458832477,23820.243850806302,26624.55939421775,7.008452862980041,54.59131573521278,20.0,131.9986425139931,-5.325368116120806,-55.78567856592419,-inf,-inf,-55.90414405446856,-inf,-inf,1.0,Accepted,0.9080459770114943
86,298.0510966113213,356624.14693473256,23899.263950740915,29229.733292466455,7.488384422946489,54.73056548853067,20.0,132.0289596052111,-5.424672710870574,298.0510966113213,356624.14693473256,23899.263950740915,29229.733292466455,7.488384422946489,54.73056548853067,20.0,132.0289596052111,-5.424672710870574,298.0510966113213,356624.14693473256,23899.263950740915,29229.733292466455,7.488384422946489,54.73056548853067,20.0,132.0289596052111,-5.424672710870574,298.0510966113213,356624.14693473256,23899.263950740915,29229.733292466455,7.488384422946489,54.73056548853067,20.0,132.0289596052111,-5.424672710870574,-55.90414405446856,-inf,-inf,-55.76364178578856,-inf,-inf,1.0,Accepted,0.9090909090909091
87,300.3208339048264,356882.0958513226,25032.272353150078,30064.292133830597,7.234912916049332,54.955695781355345,20.0,131.99583503565782,-5.431081120804241,300.3208339048264,356882.0958513226,25032.272353150078,30064.292133830597,7.234912916049332,54.955695781355345,20.0,131.99583503565782,-5.431081120804241,300.3208339048264,356882.0958513226,25032.272353150078,30064.292133830597,7.234912916049332,54.955695781355345,20.0,131.99583503565782,-5.431081120804241,300.3208339048264,356882.0958513226,25032.272353150078,30064.292133830597,7.234912916049332,54.955695781355345,20.0,131.99583503565782,-5.431081120804241,-55.76364178578856,-inf,-inf,-55.7002911263332,-inf,-inf,1.0,Accepted,0.9101123595505618
88,300.8873513810358,357155.3384707938,25161.963691974433,30018.502372013674,7.488863729207155,54.549874160033056,20.0,131.99086483128622,-5.426822690100879,300.8873513810358,357155.3384707938,25161.963691974433,30018.502372013674,7.488863729207155,54.549874160033056,20.0,131.99086483128622,-5.426822690100879,300.8873513810358,357155.3384707938,25161.963691974433,30018.502372013674,7.488863729207155,54.549874160033056,20.0,131.99086483128622,-5.426822690100879,300.8873513810358,357155.3384707938,25161.963691974433,30018.502372013674,7.488863729207155,54.549874160033056,20.0,131.99086483128622,-5.426822690100879,-55.7002911263332,-inf,-inf,-55.71047984637026,-inf,-inf,1.0,Accepted,0.9111111111111111
89,297.4722782985164,359047.2698743386,27584.501798421014,29364.556407805314,7.409495345403503,54.42804337999892,20.0,132.04307201505998,-5.449568424400746,297.4722782985164,359047.2698743386,27584.501798421014,29364.556407805314,7.409495345403503,54.42804337999892,20.0,132.04307201505998,-5.449568424400746,297.4722782985164,359047.2698743386,27584.501798421014,29364.556407805314,7.409495345403503,54.42804337999892,20.0,132.04307201505998,-5.449568424400746,297.4722782985164,359047.2698743386,27584.501798421014,29364.556407805314,7.409495345403503,54.42804337999892,20.0,132.04307201505998,-5.449568424400746,-55.71047984637026,-inf,-inf,-55.70086985121421,-inf,-inf,1.0,Accepted,0.9120879120879121
90,299.4726948227796,356948.3710383806,27399.012605435208,28596.621078759963,7.224114855703351,54.56802072405712,20.0,132.14595114429318,-5.448682654061037,299.4726948227796,356948.3710383806,27399.012605435208,28596.621078759963,7.224114855703351,54.56802072405712,20.0,132.14595114429318,-5.448682654061037,299.4726948227796,356948.3710383806,27399.012605435208,28596.621078759963,7.224114855703351,54.56802072405712,20.0,132.14595114429318,-5.448682654061037,299.4726948227796,356948.3710383806,27399.012605435208,28596.621078759963,7.224114855703351,54.56802072405712,20.0,132.14595114429318,-5.448682654061037,-55.70086985121421,-inf,-inf,-55.74117131579192,-inf,-inf,1.0,Accepted,0.9130434782608695
91,295.27456878544035,359479.559118375,26960.227977888146,27606.268264592843,7.209096790996995,54.65265835487303,20.0,132.15049740703205,-5.473427224229697,295.27456878544035,359479.559118375,26960.227977888146,27606.268264592843,7.209096790996995,54.65265835487303,20.0,132.15049740703205,-5.473427224229697,295.27456878544035,359479.559118375,26960.227977888146,27606.268264592843,7.209096790996995,54.65265835487303,20.0,132.15049740703205,-5.473427224229697,295.27456878544035,359479.559118375,26960.227977888146,27606.268264592843,7.209096790996995,54.65265835487303,20.0,132.15049740703205,-5.473427224229697,-55.74117131579192,-inf,-inf,-55.829574321705245,-inf,-inf,1.0,Accepted,0.9139784946236559
92,294.20957384636233,364245.19980004313,26575.328867831406,27645.3575255269,7.531545063423275,54.93384327182075,20.0,132.24843073532733,-5.5075288525226345,294.20957384636233,364245.19980004313,26575.328867831406,27645.3575255269,7.531545063423275,54.93384327182075,20.0,132.24843073532733,-5.5075288525226345,294.20957384636233,364245.19980004313,26575.328867831406,27645.3575255269,7.531545063423275,54.93384327182075,20.0,132.24843073532733,-5.5075288525226345,294.20957384636233,364245.19980004313,26575.328867831406,27645.3575255269,7.531545063423275,54.93384327182075,20.0,132.24843073532733,-5.5075288525226345,-55.829574321705245,-inf,-inf,-55.872854242627625,-inf,-inf,1.0,Accepted,0.9148936170212766
93,294.20957384636233,364245.19980004313,26575.328867831406,27645.3575255269,7.531545063423275,54.93384327182075,20.0,132.24843073532733,-5.5075288525226345,293.110269156879,363025.40393125504,26703.515863611396,29780.126545513573,7.67116980488897,55.1247854975457,20.0,132.2518945488126,-5.418982237597961,294.20957384636233,364245.19980004313,26575.328867831406,27645.3575255269,7.531545063423275,54.93384327182075,20.0,132.24843073532733,-5.5075288525226345,293.110269156879,363025.40393125504,26703.515863611396,29780.126545513573,7.67116980488897,55.1247854975457,20.0,132.2518945488126,-5.418982237597961,-55.872854242627625,-inf,-inf,-55.71453321110129,-inf,-inf,2.0,Rejected,0.9052631578947369
94,292.8705878915637,360758.1235203857,27212.833823834586,24519.422772784565,7.568721452004468,55.014277341645084,20.0,132.18475682655685,-5.5595748927977695,292.8705878915637,360758.1235203857,27212.833823834586,24519.422772784565,7.568721452004468,55.014277341645084,20.0,132.18475682655685,-5.5595748927977695,292.8705878915637,360758.1235203857,27212.833823834586,24519.422772784565,7.568721452004468,55.014277341645084,20.0,132.18475682655685,-5.5595748927977695,292.8705878915637,360758.1235203857,27212.833823834586,24519.422772784565,7.568721452004468,55.014277341645084,20.0,132.18475682655685,-5.5595748927977695,-55.872854242627625,-inf,-inf,-56.09822123731842,-inf,-inf,1.0,Accepted,0.90625
95,293.8393901418041,360524.8868553286,25844.144927433255,27132.330148132318,7.680906041947497,55.01061942701654,20.0,132.18957397128116,-5.492445778718656,293.8393901418041,360524.8868553286,25844.144927433255,27132.330148132318,7.680906041947497,55.01061942701654,20.0,132.18957397128116,-5.492445778718656,293.8393901418041,360524.8868553286,25844.144927433255,27132.330148132318,7.680906041947497,55.01061942701654,20.0,132.18957397128116,-5.492445778718656,293.8393901418041,360524.8868553286,25844.144927433255,27132.330148132318,7.680906041947497,55.01061942701654,20.0,132.18957397128116,-5.492445778718656,-56.09822123731842,-inf,-inf,-55.88388226647075,-inf,-inf,1.0,Accepted,0.9072164948453608
96,293.8393901418041,360524.8868553286,25844.144927433255,27132.330148132318,7.680906041947497,55.01061942701654,20.0,132.18957397128116,-5.492445778718656,289.9535184722476,355962.85412508075,26440.217110952748,29364.73517860879,7.910961897262983,55.037181762900914,20.0,132.24318815445127,-5.454751922584246,293.8393901418041,360524.8868553286,25844.144927433255,27132.330148132318,7.680906041947497,55.01061942701654,20.0,132.18957397128116,-5.492445778718656,289.9535184722476,355962.85412508075,26440.217110952748,29364.73517860879,7.910961897262983,55.037181762900914,20.0,132.24318815445127,-5.454751922584246,-55.88388226647075,-inf,-inf,-55.72450582669305,-inf,-inf,2.0,Rejected,0.8979591836734694
97,295.05488083786605,365939.13018665876,26966.797849416504,30247.866161225087,7.90396807659794,54.63886710649893,20.0,132.28430915702566,-5.4095213703869405,295.05488083786605,365939.13018665876,26966.797849416504,30247.866161225087,7.90396807659794,54.63886710649893,20.0,132.28430915702566,-5.4095213703869405,295.05488083786605,365939.13018665876,26966.797849416504,30247.866161225087,7.90396807659794,54.63886710649893,20.0,132.28430915702566,-5.4095213703869405,295.05488083786605,365939.13018665876,26966.797849416504,30247.866161225087,7.90396807659794,54.63886710649893,20.0,132.28430915702566,-5.4095213703869405,-55.88388226647075,-inf,-inf,-55.72878237669033,-inf,-inf,1.0,Accepted,0.898989898989899
98,295.6131321837454,366980.3941717508,25409.121640904083,23782.37099108315,8.162139372614266,54.94961540947818,20.0,132.23094855022504,-5.671769724840644,295.6131321837454,366980.3941717508,25409.121640904083,23782.37099108315,8.162139372614266,54.94961540947818,20.0,132.23094855022504,-5.671769724840644,295.6131321837454,366980.3941717508,25409.121640904083,23782.37099108315,8.162139372614266,54.94961540947818,20.0,132.23094855022504,-5.671769724840644,295.6131321837454,366980.3941717508,25409.121640904083,23782.37099108315,8.162139372614266,54.94961540947818,20.0,132.23094855022504,-5.671769724840644,-55.72878237669033,-inf,-inf,-56.32526711420287,-inf,-inf,1.0,Accepted,0.9
99,297.7521571060514,370641.1715441134,25971.138723519478,30454.39705343417,8.178120624595294,55.087055932785255,20.0,132.39432094757942,-5.62232125190448,297.7521571060514,370641.1715441134,25971.138723519478,30454.39705343417,8.178120624595294,55.087055932785255,20.0,132.39432094757942,-5.62232125190448,297.7521571060514,370641.1715441134,25971.138723519478,30454.39705343417,8.178120624595294,55.087055932785255,20.0,132.39432094757942,-5.62232125190448,297.7521571060514,370641.1715441134,25971.138723519478,30454.39705343417,8.178120624595294,55.087055932785255,20.0,132.39432094757942,-5.62232125190448,-56.32526711420287,-inf,-inf,-55.87061709933269,-inf,-inf,1.0,Accepted,0.900990099009901
