output_time,total_wall_time,total_cpu_time, wall time ( 1), CPU time ( 1), cells updated ( 1),                                                                                                                                                                                                                                                                                                                                                                                                                                  
    0.000000E+00,     0.000000E+00,     0.000000E+00,     0.000000E+00,     0.000000E+00,     0.000000E+00
    0.600000E+02,     0.398435E+01,     0.261366E+03,     0.385207E+01,     0.383843E+01,     0.645120E+07
    0.120000E+03,     0.756612E+01,     0.264930E+03,     0.736943E+01,     0.734364E+01,     0.124992E+08
    0.180000E+03,     0.112279E+02,     0.268567E+03,     0.109645E+02,     0.109264E+02,     0.185472E+08
    0.240000E+03,     0.149853E+02,     0.272306E+03,     0.146532E+02,     0.146023E+02,     0.245952E+08
    0.300000E+03,     0.187995E+02,     0.276103E+03,     0.184079E+02,     0.183442E+02,     0.306432E+08
    0.360000E+03,     0.226781E+02,     0.279963E+03,     0.222264E+02,     0.221496E+02,     0.366912E+08
    0.420000E+03,     0.266014E+02,     0.283867E+03,     0.260894E+02,     0.259993E+02,     0.427392E+08
    0.480000E+03,     0.305751E+02,     0.287822E+03,     0.299877E+02,     0.298840E+02,     0.487872E+08
    0.540000E+03,     0.345574E+02,     0.291786E+03,     0.339085E+02,     0.337912E+02,     0.548352E+08
    0.600000E+03,     0.385705E+02,     0.295780E+03,     0.378608E+02,     0.377299E+02,     0.608832E+08
    0.660000E+03,     0.425909E+02,     0.299782E+03,     0.418208E+02,     0.416764E+02,     0.669312E+08
    0.720000E+03,     0.466266E+02,     0.303798E+03,     0.457971E+02,     0.456388E+02,     0.729792E+08
    0.780000E+03,     0.506818E+02,     0.307835E+03,     0.497919E+02,     0.496200E+02,     0.790272E+08
    0.840000E+03,     0.547405E+02,     0.311875E+03,     0.537872E+02,     0.536018E+02,     0.850752E+08
    0.900000E+03,     0.588265E+02,     0.315941E+03,     0.578072E+02,     0.576078E+02,     0.911232E+08
    0.960000E+03,     0.629171E+02,     0.320011E+03,     0.618309E+02,     0.616170E+02,     0.971712E+08
    0.102000E+04,     0.670168E+02,     0.324093E+03,     0.658703E+02,     0.656426E+02,     0.103219E+09
    0.108000E+04,     0.711245E+02,     0.328181E+03,     0.699168E+02,     0.696750E+02,     0.109267E+09
    0.114000E+04,     0.752482E+02,     0.332285E+03,     0.739820E+02,     0.737252E+02,     0.115315E+09
    0.120000E+04,     0.793841E+02,     0.336402E+03,     0.780527E+02,     0.777818E+02,     0.121363E+09
    0.126000E+04,     0.835309E+02,     0.340530E+03,     0.821404E+02,     0.818554E+02,     0.127411E+09
    0.132000E+04,     0.876805E+02,     0.344660E+03,     0.862282E+02,     0.859291E+02,     0.133459E+09
    0.138000E+04,     0.918462E+02,     0.348806E+03,     0.903293E+02,     0.900162E+02,     0.139507E+09
    0.144000E+04,     0.960207E+02,     0.352962E+03,     0.944367E+02,     0.941096E+02,     0.145555E+09
    0.150000E+04,     0.100195E+03,     0.357116E+03,     0.985501E+02,     0.982089E+02,     0.151603E+09
    0.156000E+04,     0.104391E+03,     0.361294E+03,     0.102685E+03,     0.102330E+03,     0.157651E+09
    0.162000E+04,     0.108591E+03,     0.365474E+03,     0.106824E+03,     0.106455E+03,     0.163699E+09
    0.168000E+04,     0.112805E+03,     0.369669E+03,     0.110980E+03,     0.110596E+03,     0.169747E+09
    0.174000E+04,     0.117029E+03,     0.373873E+03,     0.115145E+03,     0.114747E+03,     0.175795E+09
    0.180000E+04,     0.121275E+03,     0.378098E+03,     0.119329E+03,     0.118916E+03,     0.181843E+09
    0.186000E+04,     0.125533E+03,     0.382336E+03,     0.123526E+03,     0.123099E+03,     0.187891E+09
    0.192000E+04,     0.129796E+03,     0.386578E+03,     0.127726E+03,     0.127284E+03,     0.193939E+09
    0.198000E+04,     0.134072E+03,     0.390834E+03,     0.131940E+03,     0.131484E+03,     0.199987E+09
    0.204000E+04,     0.138360E+03,     0.395103E+03,     0.136163E+03,     0.135692E+03,     0.206035E+09
    0.210000E+04,     0.142656E+03,     0.399379E+03,     0.140395E+03,     0.139909E+03,     0.212083E+09
    0.216000E+04,     0.146953E+03,     0.403657E+03,     0.144634E+03,     0.144134E+03,     0.218131E+09
    0.222000E+04,     0.151249E+03,     0.407933E+03,     0.148871E+03,     0.148356E+03,     0.224179E+09
    0.228000E+04,     0.155564E+03,     0.412229E+03,     0.153118E+03,     0.152589E+03,     0.230227E+09
    0.234000E+04,     0.159890E+03,     0.416535E+03,     0.157382E+03,     0.156839E+03,     0.236275E+09
    0.240000E+04,     0.164217E+03,     0.420842E+03,     0.161650E+03,     0.161092E+03,     0.242323E+09
    0.246000E+04,     0.168556E+03,     0.425161E+03,     0.165928E+03,     0.165355E+03,     0.248371E+09
    0.252000E+04,     0.172907E+03,     0.429493E+03,     0.170215E+03,     0.169627E+03,     0.254419E+09
    0.258000E+04,     0.177252E+03,     0.433818E+03,     0.174501E+03,     0.173899E+03,     0.260467E+09
    0.264000E+04,     0.181604E+03,     0.438149E+03,     0.178793E+03,     0.178176E+03,     0.266515E+09
    0.270000E+04,     0.185960E+03,     0.442485E+03,     0.183089E+03,     0.182457E+03,     0.272563E+09
    0.276000E+04,     0.190327E+03,     0.446831E+03,     0.187395E+03,     0.186748E+03,     0.278611E+09
    0.282000E+04,     0.194692E+03,     0.451176E+03,     0.191699E+03,     0.191037E+03,     0.284659E+09
    0.288000E+04,     0.199058E+03,     0.455523E+03,     0.196007E+03,     0.195330E+03,     0.290707E+09
    0.294000E+04,     0.203423E+03,     0.459868E+03,     0.200313E+03,     0.199622E+03,     0.296755E+09
    0.300000E+04,     0.207805E+03,     0.464229E+03,     0.204633E+03,     0.203927E+03,     0.302803E+09
    0.306000E+04,     0.212195E+03,     0.468599E+03,     0.208963E+03,     0.208241E+03,     0.308851E+09
    0.312000E+04,     0.216573E+03,     0.472957E+03,     0.213276E+03,     0.212540E+03,     0.314899E+09
    0.318000E+04,     0.220960E+03,     0.477324E+03,     0.217600E+03,     0.216849E+03,     0.320947E+09
    0.324000E+04,     0.225352E+03,     0.481696E+03,     0.221928E+03,     0.221163E+03,     0.326995E+09
    0.330000E+04,     0.229744E+03,     0.486068E+03,     0.226259E+03,     0.225478E+03,     0.333043E+09
    0.336000E+04,     0.234135E+03,     0.490439E+03,     0.230589E+03,     0.229793E+03,     0.339091E+09
    0.342000E+04,     0.238543E+03,     0.494825E+03,     0.234935E+03,     0.234124E+03,     0.345139E+09
    0.348000E+04,     0.242946E+03,     0.499208E+03,     0.239278E+03,     0.238451E+03,     0.351187E+09
    0.354000E+04,     0.247351E+03,     0.503593E+03,     0.243624E+03,     0.242783E+03,     0.357235E+09
    0.360000E+04,     0.251751E+03,     0.507973E+03,     0.247964E+03,     0.247108E+03,     0.363283E+09
    0.366000E+04,     0.256168E+03,     0.512370E+03,     0.252319E+03,     0.251448E+03,     0.369331E+09
    0.372000E+04,     0.260585E+03,     0.516767E+03,     0.256675E+03,     0.255789E+03,     0.375379E+09
    0.378000E+04,     0.265008E+03,     0.521170E+03,     0.261037E+03,     0.260136E+03,     0.381427E+09
    0.384000E+04,     0.269425E+03,     0.525567E+03,     0.265395E+03,     0.264479E+03,     0.387475E+09
    0.390000E+04,     0.273849E+03,     0.529970E+03,     0.269756E+03,     0.268825E+03,     0.393523E+09
    0.396000E+04,     0.278280E+03,     0.534381E+03,     0.274125E+03,     0.273179E+03,     0.399571E+09
    0.402000E+04,     0.282715E+03,     0.538796E+03,     0.278501E+03,     0.277540E+03,     0.405619E+09
    0.408000E+04,     0.287146E+03,     0.543207E+03,     0.282869E+03,     0.281894E+03,     0.411667E+09
    0.414000E+04,     0.291568E+03,     0.547609E+03,     0.287230E+03,     0.286239E+03,     0.417715E+09
    0.420000E+04,     0.295998E+03,     0.552019E+03,     0.291601E+03,     0.290595E+03,     0.423763E+09
    0.426000E+04,     0.300437E+03,     0.556437E+03,     0.295979E+03,     0.294958E+03,     0.429811E+09
    0.432000E+04,     0.305065E+03,     0.560860E+03,     0.300360E+03,     0.299324E+03,     0.435859E+09
    0.438000E+04,     0.309509E+03,     0.565283E+03,     0.304742E+03,     0.303691E+03,     0.441907E+09
    0.444000E+04,     0.313945E+03,     0.569698E+03,     0.309118E+03,     0.308051E+03,     0.447955E+09
    0.450000E+04,     0.318391E+03,     0.574124E+03,     0.313503E+03,     0.312421E+03,     0.454003E+09
    0.456000E+04,     0.322849E+03,     0.578562E+03,     0.317901E+03,     0.316804E+03,     0.460051E+09
    0.462000E+04,     0.327299E+03,     0.582992E+03,     0.322292E+03,     0.321179E+03,     0.466099E+09
    0.468000E+04,     0.331750E+03,     0.587423E+03,     0.326683E+03,     0.325556E+03,     0.472147E+09
    0.474000E+04,     0.336206E+03,     0.591858E+03,     0.331077E+03,     0.329935E+03,     0.478195E+09
    0.480000E+04,     0.340662E+03,     0.596293E+03,     0.335472E+03,     0.334315E+03,     0.484243E+09
    0.486000E+04,     0.345114E+03,     0.600725E+03,     0.339865E+03,     0.338692E+03,     0.490291E+09
    0.492000E+04,     0.349571E+03,     0.605161E+03,     0.344260E+03,     0.343072E+03,     0.496339E+09
    0.498000E+04,     0.354034E+03,     0.609604E+03,     0.348660E+03,     0.347457E+03,     0.502387E+09
    0.504000E+04,     0.358487E+03,     0.614037E+03,     0.353056E+03,     0.351838E+03,     0.508435E+09
    0.510000E+04,     0.362948E+03,     0.618478E+03,     0.357454E+03,     0.356222E+03,     0.514483E+09
    0.516000E+04,     0.367409E+03,     0.622918E+03,     0.361855E+03,     0.360607E+03,     0.520531E+09
    0.522000E+04,     0.371880E+03,     0.627369E+03,     0.366265E+03,     0.365001E+03,     0.526579E+09
    0.528000E+04,     0.376351E+03,     0.631819E+03,     0.370668E+03,     0.369389E+03,     0.532627E+09
    0.534000E+04,     0.380815E+03,     0.636262E+03,     0.375071E+03,     0.373776E+03,     0.538675E+09
    0.540000E+04,     0.385277E+03,     0.640704E+03,     0.379469E+03,     0.378160E+03,     0.544723E+09
