,Pulu Ai arrival,Ambon arrival,Banda Neira arrival,Buru arrival,Hulaliu arrival,Saparua arrival,Kulur arrival,Ameth arrival,Amahai arrival,Pillipuang arrival,Tepa arrival,Gereja arrival,Ohoirin arrival,Ohirenan arrival,Tiakur arrival,Wedangkau arrival
0,20.872419999999998,44.475680000000004,22.525669999999998,59.36029333333333,44.94958333333333,42.08460166666667,54.17447666666667,35.42825333333334,42.86009,37.14078833333333,82.94172333333333,0.16542185666666667,37.20002833333333,21.80406,55.57998833333333,18.85832
1,20.872419999999998,44.475680000000004,22.525669999999998,59.36029333333333,44.94958333333333,42.08460166666667,54.17447666666667,35.42825333333334,42.86009,37.14078833333333,82.94172333333333,0.16542185666666667,37.20002833333333,21.80406,55.57998833333333,18.85832
2,20.872419999999998,44.475680000000004,22.525669999999998,59.36029333333333,44.94958333333333,42.08460166666667,54.17447666666667,35.42825333333334,42.86009,37.14078833333333,82.94172333333333,0.16542185666666667,37.20002833333333,21.80406,55.57998833333333,18.85832
3,24.901735,48.997899999999994,29.522683333333337,65.67796666666666,51.14684166666667,47.22057333333333,61.116123333333334,51.58309333333333,87.56049333333334,51.98703166666667,23.663043333333334,0.16542185666666667,39.745021666666666,9.9671955,74.18215166666667,15.643749666666668
4,21.761048333333335,44.861045,25.708743333333334,58.853805,46.25601833333334,42.42115666666667,55.686906666666665,43.907718333333335,47.155478333333335,41.618624999999994,25.854155,0.16542185666666667,45.135731666666665,30.022626666666667,76.35751166666667,19.445175
5,21.49777,88.93693333333334,25.219328333333333,56.491123333333334,58.97403166666666,41.71133833333333,52.33309,36.325230000000005,43.725805,39.341429999999995,34.63939166666667,0.16542185666666667,50.776465,33.19592333333333,87.33184,20.135203333333333
6,21.49777,88.93693333333334,25.219328333333333,56.491123333333334,58.97403166666666,41.71133833333333,52.33309,36.325230000000005,43.725805,39.341429999999995,34.63939166666667,0.16542185666666667,50.776465,33.19592333333333,87.33184,20.135203333333333
7,21.49777,88.93693333333334,25.219328333333333,56.491123333333334,58.97403166666666,41.71133833333333,52.33309,36.325230000000005,43.725805,39.341429999999995,34.63939166666667,0.16542185666666667,50.776465,33.19592333333333,87.33184,20.135203333333333
8,23.591166666666666,47.481676666666665,27.71637666666667,63.93479833333333,49.46356333333333,45.45668,59.082346666666666,38.89154833333334,84.99764833333333,41.352815,22.772613333333332,0.16542185666666667,66.55222,11.188675333333332,74.64122333333333,16.92409
9,23.61442,43.74861333333333,24.923251666666665,57.69386833333333,45.321475,42.18112166666666,54.36519333333333,39.35854500000001,45.26222333333333,40.24733166666667,23.40436,0.16542185666666667,43.08068166666667,26.409811666666666,73.53981999999999,20.102645
10,18.681975,57.939193333333336,22.10211,52.294215,59.953700000000005,55.70923333333334,49.40152333333333,33.85544,40.02304166666667,35.17514166666667,8.9224635,0.16542185666666667,50.30651666666667,34.00626333333334,87.84036666666665,11.076839
11,18.681975,57.939193333333336,22.10211,52.294215,59.953700000000005,55.70923333333334,49.40152333333333,33.85544,40.02304166666667,35.17514166666667,8.9224635,0.16542185666666667,50.30651666666667,34.00626333333334,87.84036666666665,11.076839
12,18.681975,57.939193333333336,22.10211,52.294215,59.953700000000005,55.70923333333334,49.40152333333333,33.85544,40.02304166666667,35.17514166666667,8.9224635,0.16542185666666667,50.30651666666667,34.00626333333334,87.84036666666665,11.076839
13,22.581885,46.09359333333334,26.04441166666667,62.20079666666666,61.139925,43.777923333333334,57.28952,37.455535000000005,45.17809666666667,39.830481666666664,23.104221666666668,0.16542185666666667,19.399435,16.270728833333333,75.43199166666666,18.08551
14,20.917598333333334,43.40853833333333,23.713406666666668,57.48471666666667,44.38901333333333,40.80108666666667,53.47156,35.882535,43.009881666666665,37.940446666666666,14.550582833333333,0.16542185666666667,43.73716,29.795185,41.625345,6.837808999999999
15,16.091979833333333,56.381585,17.955658333333336,49.08747166666667,57.96534,54.14600166666666,46.092099999999995,30.043643333333332,36.66438,32.06921333333334,9.935048833333333,0.16542185666666667,50.84371833333333,35.54387166666667,89.15711,12.321295999999998
16,16.091979833333333,56.381585,17.955658333333336,49.08747166666667,57.96534,54.14600166666666,46.092099999999995,30.043643333333332,36.66438,32.06921333333334,9.935048833333333,0.16542185666666667,50.84371833333333,35.54387166666667,89.15711,12.321295999999998
17,25.79517333333333,50.349273333333336,30.001453333333334,67.35806166666667,51.991978333333336,48.11951333333333,62.08531833333333,52.91297333333333,56.365390000000005,52.24511666666667,42.03347333333333,0.16542185666666667,48.04949833333333,3.2784838333333335,67.69737,14.474752333333333
18,22.461623333333332,45.487545,24.38929166666667,60.624723333333336,46.440691666666666,42.24033,55.686755,36.05814833333333,44.448229999999995,38.664541666666665,24.373138333333333,0.16542185666666667,45.735255,29.300055,76.85468,18.385341666666665
19,18.484333333333332,42.69131,20.633945,56.235771666666665,55.60545833333333,39.15146166666667,51.128456666666665,34.39408,40.49843166666667,35.54166,35.250725,0.16542185666666667,44.46389666666666,31.226116666666666,86.61074666666667,7.963892
20,15.821409166666665,55.080275,15.751386,47.059126666666664,56.57781,51.401041666666664,43.13733666666667,27.493593333333333,33.726263333333335,29.459808333333335,11.102919333333334,0.16542185666666667,52.09056666666667,37.02306,67.31931666666667,13.214328
21,15.821409166666665,55.080275,15.751386,47.059126666666664,56.57781,51.401041666666664,43.13733666666667,27.493593333333333,33.726263333333335,29.459808333333335,11.102919333333334,0.16542185666666667,52.09056666666667,37.02306,67.31931666666667,13.214328
22,24.38320666666667,49.02294,28.406206666666666,65.96667,50.64944333333334,46.507775,60.413959999999996,51.70505166666667,54.742635,50.95643166666667,87.81672499999999,0.16542185666666667,44.493485,1.1295135166666666,66.38676,15.1041995
23,20.98046833333333,44.46563333333334,22.703746666666667,59.29123666666667,45.00416833333334,42.171455,54.23997,35.515,43.108518333333336,37.50222333333333,83.099165,0.16542185666666667,37.416055,21.879810000000003,54.907735,19.19792
24,14.531516666666667,40.84068166666667,17.004006666666665,54.62869333333333,55.03277666666667,35.94286666666667,48.84198166666667,33.10874666666667,37.12285,32.21431833333333,34.908363333333334,0.16542185666666667,45.485225,32.15504833333333,87.27459833333334,9.462205333333333
25,0.16542185666666667,79.46384166666667,0.16542185666666667,78.30027166666667,55.64876833333334,50.924605,41.567721666666664,25.526125,62.452245,25.870845,12.901211499999999,0.16542185666666667,53.28938333333333,38.012425,68.52322666666667,13.703713333333333
26,0.16542185666666667,79.46384166666667,0.16542185666666667,78.30027166666667,55.64876833333334,50.924605,41.567721666666664,25.526125,62.452245,25.870845,12.901211499999999,0.16542185666666667,53.28938333333333,38.012425,68.52322666666667,13.703713333333333
27,23.26751,48.224336666666666,27.03723,77.88309166666666,49.683845,45.48303,59.35648666666667,38.25002,77.72152166666666,41.002125,86.94178833333334,0.16542185666666667,68.54444,0.2300538,63.115658333333336,16.126716833333333
28,19.823371666666667,43.53192,21.196791666666666,58.14343833333333,43.973565,40.94128333333333,53.08636333333333,34.66122666666667,70.91291500000001,36.34702,81.4475,0.16542185666666667,38.829971666666665,23.475070000000002,55.24599833333333,19.220143333333333
29,11.665835333333332,38.22817166666667,26.303704999999997,52.846485,55.0071,51.833508333333334,45.071235,29.730755,33.51347,29.33739166666667,34.24627833333333,0.16542185666666667,46.208144999999995,32.775265000000005,45.162835,9.968638
30,0.16542185666666667,78.99383833333333,0.16542185666666667,76.75292333333333,80.87922833333333,50.616414999999996,37.02038,24.496868333333335,61.82624166666667,24.523798333333332,14.010414166666667,0.16542185666666667,54.04774833333333,38.539415,68.87216833333333,13.935014166666667
31,0.16542185666666667,78.99383833333333,0.16542185666666667,76.75292333333333,80.87922833333333,50.616414999999996,37.02038,24.496868333333335,61.82624166666667,24.523798333333332,14.010414166666667,0.16542185666666667,54.04774833333333,38.539415,68.87216833333333,13.935014166666667
32,22.329986666666667,47.938025,26.207318333333333,64.73554,49.203625,44.90595833333334,58.85992,38.270880000000005,76.58380333333334,40.26357333333333,47.733375,0.16542185666666667,65.39258166666667,23.067741666666667,62.92062,18.47968
33,19.145515,42.79089166666667,20.465151666666667,57.300979999999996,43.57189666666667,39.925398333333334,51.93660333333333,33.96817,70.24359,34.79225833333333,81.12899,0.16542185666666667,47.326095,24.569543333333336,56.083765,20.15274833333333
34,20.387431666666664,36.66028166666667,23.695685,51.63971,54.78639166666667,51.33258,43.670404999999995,28.13571166666667,29.741503333333334,25.452283333333334,35.31321833333333,0.16542185666666667,46.44535,32.872285,47.81399333333333,21.077051666666666
35,0.16542185666666667,78.56319666666667,0.16542185666666667,76.19839333333333,81.22429666666667,50.2663,31.892303333333334,12.728607333333334,60.151135,17.11273333333333,15.674614666666667,0.16542185666666667,53.83235666666667,38.113854999999994,68.51152499999999,13.881114166666666
36,0.16542185666666667,78.56319666666667,0.16542185666666667,76.19839333333333,81.22429666666667,50.2663,31.892303333333334,12.728607333333334,60.151135,17.11273333333333,15.674614666666667,0.16542185666666667,53.83235666666667,38.113854999999994,68.51152499999999,13.881114166666666
37,21.845425,47.846601666666665,25.658136666666667,64.63337333333332,49.02064166666666,44.696085000000004,58.881613333333334,38.10414,75.60923666666666,40.183,47.291895,0.16542185666666667,63.73399,8.506564000000001,63.44855666666667,22.89551
38,15.316103,65.12716666666667,19.328783333333334,56.70880666666667,42.95270166666667,39.457033333333335,51.301293333333334,32.92349333333333,68.051795,33.62369666666667,81.50649,0.16542185666666667,40.05491,24.666648333333335,56.59570166666666,20.19058
39,20.0697,82.26622333333333,23.237836666666666,83.419335,54.33909833333333,51.34332333333334,42.88374833333333,24.16462,25.969685000000002,21.411256666666667,36.170025,0.16542185666666667,46.23522333333334,32.50595166666667,49.54365333333333,20.543815
40,0.16542185666666667,77.92447166666668,22.585381666666667,77.48274166666667,81.05969166666667,49.271121666666666,29.813938333333333,12.125556333333332,17.624826666666667,13.1973245,33.24531666666667,0.16542185666666667,53.06356,37.40926666666667,69.24619,13.423532
41,0.16542185666666667,77.92447166666668,22.585381666666667,77.48274166666667,81.05969166666667,49.271121666666666,29.813938333333333,12.125556333333332,17.624826666666667,13.1973245,33.24531666666667,0.16542185666666667,53.06356,37.40926666666667,69.24619,13.423532
42,22.142375,48.10636833333333,25.05045833333333,64.69956833333333,49.31812,44.86964666666667,59.35699666666667,37.378205,75.62720666666668,40.168011666666665,48.170995,0.16542185666666667,61.26353666666667,0.16542185666666667,65.001165,24.969676666666665
43,15.401942333333333,65.25835000000001,13.694887999999999,56.560446666666664,42.60057,38.738915,51.508709999999994,31.376368333333335,67.90277833333333,32.8898,35.405035,0.16542185666666667,38.84124666666666,23.523841666666666,57.95532166666667,21.229384999999997
44,19.897175,82.11303833333334,23.059915,83.59476166666667,53.874541666666666,50.90043,37.09082166666667,22.65041666666667,24.035161666666667,19.44461,37.106985,0.16542185666666667,45.87336333333334,31.400896666666664,52.09116166666667,20.522156666666667
45,0.7201792166666666,19.882853333333333,23.20632833333333,35.94667666666667,32.04103833333333,49.25303333333333,26.777814999999997,11.549867833333334,16.893401666666666,11.4152105,75.54311833333333,0.16542185666666667,52.10293,55.259935000000006,70.88316499999999,12.756422166666665
